"","","#","Nat","Team","TES","PCS","TotalScore","MeanGOE Mark","MeanPCS Mark","Season","Event","Seg"
"1",1,1,"ðŸ‡·ðŸ‡º","Mishina / Galliamov",81.45,76.01,157.46,3.73,9.48,2022,"EC","FS"
"2",2,2,"ðŸ‡·ðŸ‡º","Mishina / Galliamov",79.71,75.24,154.95,3.48,9.38,2022,"OLY","FS"
"3",3,3,"ðŸ‡·ðŸ‡º","Mishina / Galliamov",80.63,72.74,153.37,3.6,9.09,2022,"FINTRO","FS"
"4",4,4,"ðŸ‡·ðŸ‡º","Mishina / Galliamov",79.09,74.25,153.34,3.35,9.28,2022,"GPRUS","FS"
"5",5,5,"ðŸ‡·ðŸ‡º","Mishina / Galliamov",78.96,72.84,151.8,3.25,9.1,2021,"WC","FS"
"6",6,6,"ðŸ‡·ðŸ‡º","Mishina / Galliamov",79.43,72.16,151.59,3.23,9.01,2021,"WTT","FS"
"7",7,7,"ðŸ‡·ðŸ‡º","Mishina / Galliamov",76.49,72.39,148.88,2.93,9.08,2022,"GPJPN","FS"
"8",8,8,"ðŸ‡·ðŸ‡º","Mishina / Galliamov",74.97,72.23,145.2,2.57,8.98,2022,"OLYT","FS"
"9",9,9,"ðŸ‡·ðŸ‡º","Mishina / Galliamov",73.05,62.14,135.19,2.24,7.75,2020,"FINTRO","FS"
"10",10,10,"ðŸ‡·ðŸ‡º","Mishina / Galliamov",71.6,62.75,134.35,2.35,7.83,2020,"GPJPN","FS"
"11",11,11,"ðŸ‡·ðŸ‡º","Mishina / Galliamov",65.52,68.29,133.81,2.18,8.53,2020,"GPFRA","FS"
"12",12,12,"ðŸ‡·ðŸ‡º","Mishina / Galliamov",67.27,64.38,131.65,1.91,8.04,2020,"GPF","FS"
"13",13,13,"ðŸ‡·ðŸ‡º","Mishina / Galliamov",69.59,62.16,130.75,1.73,7.79,2020,"BAVOPN","FS"
"14",14,14,"ðŸ‡·ðŸ‡º","Mishina / Galliamov",69.97,58.4,128.37,2.14,7.31,2019,"ALPTRO","FS"
"15",15,15,"ðŸ‡·ðŸ‡º","Mishina / Galliamov",65.84,60.42,126.26,2.8,7.51,2019,"JGPF","FS"
"16",16,16,"ðŸ‡·ðŸ‡º","Mishina / Galliamov",64.69,58.8,122.49,2.82,7.38,2019,"JGPCAN","FS"
"17",17,17,"ðŸ‡·ðŸ‡º","Mishina / Galliamov",63.3,59.42,121.72,2.16,7.46,2019,"WJC","FS"
"18",18,18,"ðŸ‡·ðŸ‡º","Mishina / Galliamov",63.66,57.76,120.42,2.45,7.14,2019,"JGPSVK","FS"
"19",19,19,"ðŸ‡·ðŸ‡º","Mishina / Galliamov",44.95,37.81,82.76,3.68,9.43,2022,"OLY","SP"
"20",20,20,"ðŸ‡·ðŸ‡º","Mishina / Galliamov",45.22,37.42,82.64,3.73,9.36,2022,"OLYT","SP"
"21",21,21,"ðŸ‡·ðŸ‡º","Mishina / Galliamov",44.3,38.06,82.36,3.92,9.5,2022,"EC","SP"
"22",22,22,"ðŸ‡·ðŸ‡º","Mishina / Galliamov",42.92,35.48,78.4,3.03,8.88,2022,"GPJPN","SP"
"23",23,23,"ðŸ‡·ðŸ‡º","Mishina / Galliamov",40.77,35.02,75.79,3.34,8.75,2021,"WC","SP"
"24",24,24,"ðŸ‡·ðŸ‡º","Mishina / Galliamov",44.06,30.93,74.99,2.93,7.72,2020,"FINTRO","SP"
"25",25,25,"ðŸ‡·ðŸ‡º","Mishina / Galliamov",41,32.77,73.77,2.72,8.16,2020,"GPFRA","SP"
"26",26,25,"ðŸ‡·ðŸ‡º","Mishina / Galliamov",37.93,35.84,73.77,2.55,8.94,2021,"WTT","SP"
"27",27,27,"ðŸ‡·ðŸ‡º","Mishina / Galliamov",39.52,35.24,73.76,2.18,8.82,2022,"FINTRO","SP"
"28",28,28,"ðŸ‡·ðŸ‡º","Mishina / Galliamov",37.83,35.81,73.64,1.86,8.96,2022,"GPRUS","SP"
"29",29,29,"ðŸ‡·ðŸ‡º","Mishina / Galliamov",39.86,31.62,71.48,2.19,7.93,2020,"GPF","SP"
"30",30,29,"ðŸ‡·ðŸ‡º","Mishina / Galliamov",40.8,30.68,71.48,2.2,7.69,2020,"BAVOPN","SP"
"31",31,31,"ðŸ‡·ðŸ‡º","Mishina / Galliamov",38.6,30.4,69,1.41,7.58,2020,"GPJPN","SP"
"32",32,32,"ðŸ‡·ðŸ‡º","Mishina / Galliamov",37.54,29.48,67.02,2.2,7.37,2019,"WJC","SP"
"33",33,33,"ðŸ‡·ðŸ‡º","Mishina / Galliamov",37.68,27.54,65.22,2.62,6.85,2019,"JGPCAN","SP"
"34",34,34,"ðŸ‡·ðŸ‡º","Mishina / Galliamov",37.4,26.98,64.38,2.41,6.63,2019,"JGPSVK","SP"
"35",35,34,"ðŸ‡·ðŸ‡º","Mishina / Galliamov",36.7,27.68,64.38,1.35,6.92,2019,"ALPTRO","SP"
"36",36,36,"ðŸ‡·ðŸ‡º","Mishina / Galliamov",35.82,28.55,64.37,1.91,7.14,2019,"JGPF","SP"
"37",1,1,"ðŸ‡¨ðŸ‡³","Sui / Han",78.76,76.84,155.6,4.02,9.61,2019,"WC","FS"
"38",2,2,"ðŸ‡¨ðŸ‡³","Sui / Han",78.61,76.86,155.47,3.31,9.59,2022,"OLY","FS"
"39",3,3,"ðŸ‡¨ðŸ‡³","Sui / Han",74.1,73.99,148.09,2.68,9.25,2021,"WC","FS"
"40",4,4,"ðŸ‡¨ðŸ‡³","Sui / Han",71.69,75.78,147.47,3.4,9.45,2020,"GPCHN","FS"
"41",5,5,"ðŸ‡¨ðŸ‡³","Sui / Han",71.91,74.78,145.69,2.85,9.33,2020,"GPJPN","FS"
"42",6,6,"ðŸ‡¨ðŸ‡³","Sui / Han",72.68,73.43,145.11,2.93,9.16,2022,"GPCAN","FS"
"43",7,7,"ðŸ‡¨ðŸ‡³","Sui / Han",70.88,73.6,144.48,2.66,9.21,2022,"GPITA","FS"
"44",8,8,"ðŸ‡¨ðŸ‡³","Sui / Han",71.94,72.4,144.34,2.75,9,2020,"4CC","FS"
"45",9,9,"ðŸ‡¨ðŸ‡³","Sui / Han",71.35,72.86,144.21,2.53,9.13,2022,"ASNTRO","FS"
"46",10,10,"ðŸ‡¨ðŸ‡³","Sui / Han",66.45,71.47,136.92,2.4,8.95,2019,"4CC","FS"
"47",11,11,"ðŸ‡¨ðŸ‡³","Sui / Han",63.12,71.07,134.19,1.8,8.88,2020,"GPF","FS"
"48",12,12,"ðŸ‡¨ðŸ‡³","Sui / Han",45.96,38.45,84.41,4,9.61,2022,"OLY","SP"
"49",13,13,"ðŸ‡¨ðŸ‡³","Sui / Han",44.97,37.86,82.83,3.68,9.45,2022,"OLYT","SP"
"50",14,14,"ðŸ‡¨ðŸ‡³","Sui / Han",43.84,37.43,81.27,3.19,9.33,2020,"GPJPN","SP"
"51",15,15,"ðŸ‡¨ðŸ‡³","Sui / Han",43.95,36.95,80.9,3.24,9.13,2020,"GPCHN","SP"
"52",16,16,"ðŸ‡¨ðŸ‡³","Sui / Han",43.09,36.98,80.07,3.24,9.24,2022,"GPITA","SP"
"53",17,17,"ðŸ‡¨ðŸ‡³","Sui / Han",42.3,36.97,79.27,3.48,9.26,2022,"ASNTRO","SP"
"54",18,18,"ðŸ‡¨ðŸ‡³","Sui / Han",42.73,36.51,79.24,3.44,9.11,2019,"WC","SP"
"55",19,19,"ðŸ‡¨ðŸ‡³","Sui / Han",42.08,36.86,78.94,3.47,9.21,2022,"GPCAN","SP"
"56",20,20,"ðŸ‡¨ðŸ‡³","Sui / Han",40.53,37.09,77.62,2.87,9.24,2021,"WC","SP"
"57",21,21,"ðŸ‡¨ðŸ‡³","Sui / Han",40.5,37,77.5,2.63,9.21,2020,"GPF","SP"
"58",22,22,"ðŸ‡¨ðŸ‡³","Sui / Han",39.9,35.29,74.19,2.23,8.8,2019,"4CC","SP"
"59",23,23,"ðŸ‡¨ðŸ‡³","Sui / Han",37.3,35.87,73.17,2.45,8.94,2020,"4CC","SP"
"60",1,1,"ðŸ‡ºðŸ‡¸","Knierim / Frazier",72.72,71.49,144.21,2.98,8.92,2022,"WC","FS"
"61",2,2,"ðŸ‡ºðŸ‡¸","Knierim / Frazier",68.97,69.48,138.45,2.49,8.68,2022,"OLY","FS"
"62",3,3,"ðŸ‡ºðŸ‡¸","Knierim / Frazier",69.06,67.54,136.6,2.26,8.44,2022,"GPUSA","FS"
"63",4,4,"ðŸ‡ºðŸ‡¸","Knierim / Frazier",70.07,66.39,136.46,2.2,8.29,2022,"JNPCHA","FS"
"64",5,5,"ðŸ‡ºðŸ‡¸","Knierim / Frazier",69.38,66.66,136.04,2.11,8.34,2022,"CRNCUP","FS"
"65",6,6,"ðŸ‡ºðŸ‡¸","Knierim / Frazier",68.83,64.8,133.63,1.8,8.11,2021,"WTT","FS"
"66",7,7,"ðŸ‡ºðŸ‡¸","Knierim / Frazier",64.77,67.77,131.54,1.78,8.48,2022,"GPFRA","FS"
"67",8,8,"ðŸ‡ºðŸ‡¸","Knierim / Frazier",62.74,66.23,128.97,1.15,8.23,2022,"OLYT","FS"
"68",9,9,"ðŸ‡ºðŸ‡¸","Knierim / Frazier",63.22,64.21,127.43,1.06,7.97,2021,"WC","FS"
"69",10,10,"ðŸ‡ºðŸ‡¸","Knierim / Frazier",57.89,63.36,120.25,0.68,7.91,2022,"GLDSPN","FS"
"70",11,11,"ðŸ‡ºðŸ‡¸","Knierim / Frazier",42.11,34.77,76.88,2.95,8.68,2022,"WC","SP"
"71",12,12,"ðŸ‡ºðŸ‡¸","Knierim / Frazier",42.01,34.08,76.09,2.73,8.46,2022,"JNPCHA","SP"
"72",13,13,"ðŸ‡ºðŸ‡¸","Knierim / Frazier",41.02,33.98,75,2.57,8.47,2022,"OLYT","SP"
"73",14,14,"ðŸ‡ºðŸ‡¸","Knierim / Frazier",40.64,33.59,74.23,2.47,8.38,2022,"OLY","SP"
"74",15,15,"ðŸ‡ºðŸ‡¸","Knierim / Frazier",36.58,33.57,70.15,1.95,8.39,2022,"GPFRA","SP"
"75",16,16,"ðŸ‡ºðŸ‡¸","Knierim / Frazier",37.77,32.06,69.83,2.15,8,2022,"CRNCUP","SP"
"76",17,17,"ðŸ‡ºðŸ‡¸","Knierim / Frazier",34.76,31.68,66.44,1.36,7.9,2022,"GLDSPN","SP"
"77",18,18,"ðŸ‡ºðŸ‡¸","Knierim / Frazier",34.74,32.63,66.37,1.38,8.15,2022,"GPUSA","SP"
"78",19,19,"ðŸ‡ºðŸ‡¸","Knierim / Frazier",34.72,31.96,65.68,1.45,8.01,2021,"WTT","SP"
"79",20,20,"ðŸ‡ºðŸ‡¸","Knierim / Frazier",33.45,31.22,64.67,1.79,7.73,2021,"WC","SP"
"80",1,1,"ðŸ‡·ðŸ‡º","Tarasova / Morozov",78.01,76.99,155,3.5,9.62,2022,"OLY","FS"
"81",2,2,"ðŸ‡·ðŸ‡º","Tarasova / Morozov",78.74,76.11,154.85,3.36,9.51,2022,"EC","FS"
"82",3,3,"ðŸ‡·ðŸ‡º","Tarasova / Morozov",77.92,73.74,151.66,3.44,9.18,2022,"CRNCUP","FS"
"83",4,4,"ðŸ‡·ðŸ‡º","Tarasova / Morozov",74.73,74,148.73,2.74,9.26,2022,"WARCUP","FS"
"84",5,5,"ðŸ‡·ðŸ‡º","Tarasova / Morozov",73.84,73.42,147.26,3.06,9.18,2019,"WC","FS"
"85",6,6,"ðŸ‡·ðŸ‡º","Tarasova / Morozov",71.68,73.24,144.92,3.2,9.16,2019,"EC","FS"
"86",7,7,"ðŸ‡·ðŸ‡º","Tarasova / Morozov",69.11,73.03,142.14,2.68,9.12,2022,"GPUSA","FS"
"87",8,8,"ðŸ‡·ðŸ‡º","Tarasova / Morozov",70.4,71.38,141.78,2.44,8.91,2019,"GPRUS","FS"
"88",9,9,"ðŸ‡·ðŸ‡º","Tarasova / Morozov",69.18,72.12,141.3,2.53,9.03,2021,"WC","FS"
"89",10,10,"ðŸ‡·ðŸ‡º","Tarasova / Morozov",69.72,70.44,140.16,2.31,8.82,2019,"GPF","FS"
"90",11,11,"ðŸ‡·ðŸ‡º","Tarasova / Morozov",68.64,71.32,139.96,2.24,8.9,2020,"GPRUS","FS"
"91",12,12,"ðŸ‡·ðŸ‡º","Tarasova / Morozov",66.94,72.27,138.21,2.24,9.02,2021,"CHACUP","FS"
"92",13,13,"ðŸ‡·ðŸ‡º","Tarasova / Morozov",66.21,71.28,137.49,1.9,8.89,2022,"GPJPN","FS"
"93",14,14,"ðŸ‡·ðŸ‡º","Tarasova / Morozov",67.99,69.4,135.39,2.13,8.66,2022,"FINTRO","FS"
"94",15,15,"ðŸ‡·ðŸ‡º","Tarasova / Morozov",65.35,70.79,135.14,1.94,8.86,2020,"EC","FS"
"95",16,16,"ðŸ‡·ðŸ‡º","Tarasova / Morozov",64,69.61,133.61,1.54,8.72,2019,"GPUSA","FS"
"96",17,17,"ðŸ‡·ðŸ‡º","Tarasova / Morozov",59.22,69.5,128.72,2.11,8.65,2020,"GPCAN","FS"
"97",18,18,"ðŸ‡·ðŸ‡º","Tarasova / Morozov",59.32,67.39,125.71,0.94,8.46,2019,"FINTRO","FS"
"98",19,19,"ðŸ‡·ðŸ‡º","Tarasova / Morozov",55.2,64.64,119.84,1.01,8.03,2020,"USCLA","FS"
"99",20,20,"ðŸ‡·ðŸ‡º","Tarasova / Morozov",46.04,38.21,84.25,4.11,9.55,2022,"OLY","SP"
"100",21,21,"ðŸ‡·ðŸ‡º","Tarasova / Morozov",44.01,37.57,81.58,3.58,9.39,2022,"EC","SP"
"101",22,22,"ðŸ‡·ðŸ‡º","Tarasova / Morozov",44.14,37.07,81.21,3.83,9.26,2019,"WC","SP"
"102",23,23,"ðŸ‡·ðŸ‡º","Tarasova / Morozov",43.27,37.09,80.36,3.56,9.27,2022,"GPUSA","SP"
"103",24,24,"ðŸ‡·ðŸ‡º","Tarasova / Morozov",42.72,37.04,79.76,3.33,9.27,2022,"WARCUP","SP"
"104",25,25,"ðŸ‡·ðŸ‡º","Tarasova / Morozov",42.32,37.32,79.64,3.44,9.28,2021,"CHACUP","SP"
"105",26,26,"ðŸ‡·ðŸ‡º","Tarasova / Morozov",43.21,35.26,78.47,3.47,8.81,2019,"GPRUS","SP"
"106",27,27,"ðŸ‡·ðŸ‡º","Tarasova / Morozov",42.59,35.74,78.33,3.3,8.95,2022,"FINTRO","SP"
"107",28,28,"ðŸ‡·ðŸ‡º","Tarasova / Morozov",41.12,35.69,76.81,2.45,8.89,2020,"GPRUS","SP"
"108",29,29,"ðŸ‡·ðŸ‡º","Tarasova / Morozov",40.91,36.06,75.97,2.57,8.99,2022,"CRNCUP","SP"
"109",30,30,"ðŸ‡·ðŸ‡º","Tarasova / Morozov",40.58,36.2,75.78,2.46,9.05,2022,"GPJPN","SP"
"110",31,31,"ðŸ‡·ðŸ‡º","Tarasova / Morozov",40.97,34.88,74.85,3.02,8.65,2020,"USCLA","SP"
"111",32,32,"ðŸ‡·ðŸ‡º","Tarasova / Morozov",39.64,35.4,74.04,2.44,8.86,2019,"GPF","SP"
"112",33,33,"ðŸ‡·ðŸ‡º","Tarasova / Morozov",38.5,35.4,73.9,2.38,8.86,2019,"EC","SP"
"113",34,34,"ðŸ‡·ðŸ‡º","Tarasova / Morozov",38.77,34.8,73.57,2.59,8.69,2020,"GPCAN","SP"
"114",35,35,"ðŸ‡·ðŸ‡º","Tarasova / Morozov",37.81,35.69,73.5,2.24,8.94,2020,"EC","SP"
"115",36,36,"ðŸ‡·ðŸ‡º","Tarasova / Morozov",38.23,35.04,73.27,2.38,8.75,2019,"FINTRO","SP"
"116",37,37,"ðŸ‡·ðŸ‡º","Tarasova / Morozov",36.3,36.16,71.46,2.26,9.04,2021,"WC","SP"
"117",38,38,"ðŸ‡·ðŸ‡º","Tarasova / Morozov",36.67,34.57,71.24,1.65,8.65,2019,"GPUSA","SP"
"118",1,1,"ðŸ‡·ðŸ‡º","Boikova / Kozlovskii",78.16,74.08,152.24,3.49,9.26,2020,"EC","FS"
"119",2,2,"ðŸ‡·ðŸ‡º","Boikova / Kozlovskii",77,73.97,150.97,3.35,9.23,2022,"EC","FS"
"120",3,3,"ðŸ‡·ðŸ‡º","Boikova / Kozlovskii",76.48,72.86,149.34,3.31,9.11,2020,"GPRUS","FS"
"121",4,4,"ðŸ‡·ðŸ‡º","Boikova / Kozlovskii",70.75,71.16,141.91,2.26,8.87,2022,"OLY","FS"
"122",5,5,"ðŸ‡·ðŸ‡º","Boikova / Kozlovskii",72.65,67.66,140.31,2.9,8.46,2019,"WC","FS"
"123",6,6,"ðŸ‡·ðŸ‡º","Boikova / Kozlovskii",71.7,68.56,140.26,2.89,8.58,2020,"GPCAN","FS"
"124",7,7,"ðŸ‡·ðŸ‡º","Boikova / Kozlovskii",68.03,71.76,139.79,1.92,8.98,2022,"GPFRA","FS"
"125",8,8,"ðŸ‡·ðŸ‡º","Boikova / Kozlovskii",67.32,71.15,137.47,1.87,8.88,2021,"WC","FS"
"126",9,9,"ðŸ‡·ðŸ‡º","Boikova / Kozlovskii",66.57,66.13,132.7,2.24,8.27,2019,"EC","FS"
"127",10,10,"ðŸ‡·ðŸ‡º","Boikova / Kozlovskii",70.15,61.82,131.97,2.45,7.72,2019,"GPCAN","FS"
"128",11,11,"ðŸ‡·ðŸ‡º","Boikova / Kozlovskii",63.76,68.34,130.1,1.23,8.53,2022,"GPUSA","FS"
"129",12,12,"ðŸ‡·ðŸ‡º","Boikova / Kozlovskii",66.62,60.16,126.78,1.9,7.46,2019,"LOMTRO","FS"
"130",13,13,"ðŸ‡·ðŸ‡º","Boikova / Kozlovskii",62.04,65.19,126.23,1.78,8.2,2020,"SHATRO","FS"
"131",14,14,"ðŸ‡·ðŸ‡º","Boikova / Kozlovskii",58.55,66.64,125.19,0.84,8.34,2020,"GPF","FS"
"132",15,15,"ðŸ‡·ðŸ‡º","Boikova / Kozlovskii",59.37,62.64,121.01,1.19,7.82,2019,"GPFRA","FS"
"133",16,16,"ðŸ‡·ðŸ‡º","Boikova / Kozlovskii",61.03,60.7,120.73,0.95,7.56,2019,"FINTRO","FS"
"134",17,17,"ðŸ‡·ðŸ‡º","Boikova / Kozlovskii",45.93,36.41,82.34,3.54,9.09,2020,"EC","SP"
"135",18,18,"ðŸ‡·ðŸ‡º","Boikova / Kozlovskii",43.44,36.72,80.16,3.63,9.17,2021,"WC","SP"
"136",19,19,"ðŸ‡·ðŸ‡º","Boikova / Kozlovskii",45.36,34.78,80.14,3.4,8.71,2020,"GPRUS","SP"
"137",20,20,"ðŸ‡·ðŸ‡º","Boikova / Kozlovskii",42.17,36.42,78.59,3.33,9.08,2022,"OLY","SP"
"138",21,21,"ðŸ‡·ðŸ‡º","Boikova / Kozlovskii",41.66,35.51,77.17,2.9,8.88,2022,"GPFRA","SP"
"139",22,22,"ðŸ‡·ðŸ‡º","Boikova / Kozlovskii",43.27,33.66,76.93,3.11,8.42,2020,"SHATRO","SP"
"140",23,23,"ðŸ‡·ðŸ‡º","Boikova / Kozlovskii",42.48,34.17,76.65,2.71,8.56,2020,"GPF","SP"
"141",24,24,"ðŸ‡·ðŸ‡º","Boikova / Kozlovskii",43.25,33.2,76.45,3.16,8.3,2020,"GPCAN","SP"
"142",25,25,"ðŸ‡·ðŸ‡º","Boikova / Kozlovskii",39.05,37.21,76.26,2.84,9.29,2022,"EC","SP"
"143",26,26,"ðŸ‡·ðŸ‡º","Boikova / Kozlovskii",40.17,35.26,75.43,2.69,8.78,2022,"GPUSA","SP"
"144",27,27,"ðŸ‡·ðŸ‡º","Boikova / Kozlovskii",40.54,32.04,72.58,3.14,8.03,2019,"EC","SP"
"145",28,28,"ðŸ‡·ðŸ‡º","Boikova / Kozlovskii",36.95,33.04,69.99,2.78,8.28,2019,"WC","SP"
"146",29,29,"ðŸ‡·ðŸ‡º","Boikova / Kozlovskii",37.32,31.51,68.83,2.46,7.83,2019,"GPFRA","SP"
"147",30,30,"ðŸ‡·ðŸ‡º","Boikova / Kozlovskii",38.11,29.7,67.81,2.76,7.36,2019,"FINTRO","SP"
"148",31,31,"ðŸ‡·ðŸ‡º","Boikova / Kozlovskii",36.41,28.8,65.21,1.64,7.14,2019,"LOMTRO","SP"
"149",32,32,"ðŸ‡·ðŸ‡º","Boikova / Kozlovskii",36.15,28.42,64.57,1.74,7.07,2019,"GPCAN","SP"
"150",1,1,"ðŸ‡¨ðŸ‡¦","Moore-Towers / Marinaro",69.71,68.88,138.59,2.27,8.61,2020,"NEBTRO","FS"
"151",2,2,"ðŸ‡¨ðŸ‡¦","Moore-Towers / Marinaro",66.41,70.87,137.28,2.33,8.83,2020,"GPJPN","FS"
"152",3,3,"ðŸ‡¨ðŸ‡¦","Moore-Towers / Marinaro",67.31,69.08,136.39,2.38,8.59,2019,"4CC","FS"
"153",4,4,"ðŸ‡¨ðŸ‡¦","Moore-Towers / Marinaro",62.84,70.15,132.99,1.76,8.75,2020,"GPCAN","FS"
"154",5,5,"ðŸ‡¨ðŸ‡¦","Moore-Towers / Marinaro",65.5,67.34,131.84,1.82,8.39,2019,"WTT","FS"
"155",6,5,"ðŸ‡¨ðŸ‡¦","Moore-Towers / Marinaro",64.68,67.16,131.84,1.98,8.39,2021,"WC","FS"
"156",7,7,"ðŸ‡¨ðŸ‡¦","Moore-Towers / Marinaro",65,66.91,130.91,1.27,8.37,2020,"GPF","FS"
"157",8,8,"ðŸ‡¨ðŸ‡¦","Moore-Towers / Marinaro",64.83,64.84,129.67,1.7,8.08,2019,"GPCAN","FS"
"158",9,9,"ðŸ‡¨ðŸ‡¦","Moore-Towers / Marinaro",64.02,63.39,127.41,1.33,7.92,2019,"FINTRO","FS"
"159",10,10,"ðŸ‡¨ðŸ‡¦","Moore-Towers / Marinaro",60.14,66.8,126.94,1.06,8.36,2019,"WC","FS"
"160",11,11,"ðŸ‡¨ðŸ‡¦","Moore-Towers / Marinaro",59.27,67.17,125.44,1.54,8.39,2020,"4CC","FS"
"161",12,12,"ðŸ‡¨ðŸ‡¦","Moore-Towers / Marinaro",58.82,64.95,122.77,0.81,8.11,2022,"FINTRO","FS"
"162",13,13,"ðŸ‡¨ðŸ‡¦","Moore-Towers / Marinaro",58.57,63.39,121.96,0.77,7.89,2019,"GPJPN","FS"
"163",14,14,"ðŸ‡¨ðŸ‡¦","Moore-Towers / Marinaro",53.83,65.03,118.86,0.78,8.09,2022,"OLY","FS"
"164",15,15,"ðŸ‡¨ðŸ‡¦","Moore-Towers / Marinaro",56.01,63.76,118.77,0.7,7.96,2022,"GPRUS","FS"
"165",16,16,"ðŸ‡¨ðŸ‡¦","Moore-Towers / Marinaro",56.18,61.28,115.46,-0.05,7.66,2022,"GLDSPN","FS"
"166",17,17,"ðŸ‡¨ðŸ‡¦","Moore-Towers / Marinaro",49.12,64.7,113.82,2,8.09,2022,"GPCAN","FS"
"167",18,18,"ðŸ‡¨ðŸ‡¦","Moore-Towers / Marinaro",52.71,60.88,111.59,-0.51,7.6,2019,"ATMCLA","FS"
"168",19,19,"ðŸ‡¨ðŸ‡¦","Moore-Towers / Marinaro",41.19,35.17,76.36,2.71,8.79,2020,"4CC","SP"
"169",20,20,"ðŸ‡¨ðŸ‡¦","Moore-Towers / Marinaro",40.99,34.51,75.5,2.53,8.67,2020,"GPCAN","SP"
"170",21,21,"ðŸ‡¨ðŸ‡¦","Moore-Towers / Marinaro",40.94,33.72,74.66,2.8,8.44,2019,"4CC","SP"
"171",22,22,"ðŸ‡¨ðŸ‡¦","Moore-Towers / Marinaro",38.87,34.21,73.08,2.36,8.51,2019,"WC","SP"
"172",23,23,"ðŸ‡¨ðŸ‡¦","Moore-Towers / Marinaro",39.36,33.4,71.76,2.07,8.26,2020,"NEBTRO","SP"
"173",24,24,"ðŸ‡¨ðŸ‡¦","Moore-Towers / Marinaro",39.29,31.97,71.26,2.36,7.97,2019,"GPCAN","SP"
"174",25,25,"ðŸ‡¨ðŸ‡¦","Moore-Towers / Marinaro",37.26,33.95,71.21,2.1,8.44,2020,"GPJPN","SP"
"175",26,26,"ðŸ‡¨ðŸ‡¦","Moore-Towers / Marinaro",35.24,33.14,68.38,1.75,8.25,2019,"WTT","SP"
"176",27,27,"ðŸ‡¨ðŸ‡¦","Moore-Towers / Marinaro",35.87,31.83,67.7,1.93,7.96,2019,"GPJPN","SP"
"177",28,28,"ðŸ‡¨ðŸ‡¦","Moore-Towers / Marinaro",34.06,33.28,67.34,1.4,8.28,2022,"OLYT","SP"
"178",29,29,"ðŸ‡¨ðŸ‡¦","Moore-Towers / Marinaro",34.64,33.44,67.08,0.38,8.33,2020,"GPF","SP"
"179",30,30,"ðŸ‡¨ðŸ‡¦","Moore-Towers / Marinaro",36.15,31.37,66.52,1.35,7.79,2019,"FINTRO","SP"
"180",31,31,"ðŸ‡¨ðŸ‡¦","Moore-Towers / Marinaro",33.68,32.75,66.43,1.17,8.18,2022,"GPCAN","SP"
"181",32,32,"ðŸ‡¨ðŸ‡¦","Moore-Towers / Marinaro",34.09,30.64,64.73,1.52,7.66,2019,"ATMCLA","SP"
"182",33,33,"ðŸ‡¨ðŸ‡¦","Moore-Towers / Marinaro",29.63,33.82,63.45,1.16,8.42,2021,"WC","SP"
"183",34,34,"ðŸ‡¨ðŸ‡¦","Moore-Towers / Marinaro",31.94,32.57,62.51,0.73,8.13,2022,"OLY","SP"
"184",35,35,"ðŸ‡¨ðŸ‡¦","Moore-Towers / Marinaro",30.7,31.9,61.6,0.74,7.99,2022,"FINTRO","SP"
"185",36,36,"ðŸ‡¨ðŸ‡¦","Moore-Towers / Marinaro",30.55,30.96,61.51,0.51,7.73,2022,"GLDSPN","SP"
"186",37,37,"ðŸ‡¨ðŸ‡¦","Moore-Towers / Marinaro",28.81,31.14,58.95,-0.15,7.79,2022,"GPRUS","SP"
"187",1,1,"ðŸ‡¨ðŸ‡¦","James / Radford",66.11,64.72,130.83,1.86,8.06,2022,"GLDSPN","FS"
"188",2,2,"ðŸ‡¨ðŸ‡¦","James / Radford",63.99,66.79,130.78,1.87,8.35,2022,"WC","FS"
"189",3,3,"ðŸ‡¨ðŸ‡¦","James / Radford",64.46,65.61,130.07,1.71,8.22,2022,"OLYT","FS"
"190",4,4,"ðŸ‡¨ðŸ‡¦","James / Radford",55.29,69.21,124.5,2.4,8.67,2022,"GPFRA","FS"
"191",5,5,"ðŸ‡¨ðŸ‡¦","James / Radford",57.49,65.54,123.03,1.31,8.18,2022,"FINTRO","FS"
"192",6,6,"ðŸ‡¨ðŸ‡¦","James / Radford",58.24,65.66,122.9,1.18,8.21,2022,"GPCAN","FS"
"193",7,7,"ðŸ‡¨ðŸ‡¦","James / Radford",53.98,64.98,117.96,0.78,8.11,2022,"OLY","FS"
"194",8,8,"ðŸ‡¨ðŸ‡¦","James / Radford",55.24,62.48,115.72,0.43,7.82,2022,"ATMCLA","FS"
"195",9,9,"ðŸ‡¨ðŸ‡¦","James / Radford",38.31,33.53,71.84,2.29,8.47,2022,"GPFRA","SP"
"196",10,10,"ðŸ‡¨ðŸ‡¦","James / Radford",35.93,33.36,68.29,1.71,8.31,2022,"ATMCLA","SP"
"197",11,11,"ðŸ‡¨ðŸ‡¦","James / Radford",33.98,33.57,67.55,1.93,8.39,2022,"FINTRO","SP"
"198",12,12,"ðŸ‡¨ðŸ‡¦","James / Radford",33.8,32.74,66.54,1.37,8.17,2022,"WC","SP"
"199",13,13,"ðŸ‡¨ðŸ‡¦","James / Radford",32.1,32.92,65.02,0.58,8.25,2022,"GPCAN","SP"
"200",14,14,"ðŸ‡¨ðŸ‡¦","James / Radford",30.37,32.66,63.03,1.53,8.18,2022,"OLY","SP"
"201",15,15,"ðŸ‡¨ðŸ‡¦","James / Radford",25.62,31.12,56.74,1.54,7.77,2022,"GLDSPN","SP"
"202",1,1,"ðŸ‡¨ðŸ‡³","Peng / Jin",70.12,71.09,141.21,3.33,8.89,2019,"GPF","FS"
"203",2,2,"ðŸ‡¨ðŸ‡³","Peng / Jin",70.55,69.78,140.33,3.07,8.72,2019,"WC","FS"
"204",3,3,"ðŸ‡¨ðŸ‡³","Peng / Jin",69.03,69.71,138.74,2.48,8.73,2022,"OLY","FS"
"205",4,4,"ðŸ‡¨ðŸ‡³","Peng / Jin",68.08,69.25,137.33,2.16,8.61,2020,"4CC","FS"
"206",5,5,"ðŸ‡¨ðŸ‡³","Peng / Jin",69.21,67.37,136.58,3.2,8.4,2019,"GPJPN","FS"
"207",6,6,"ðŸ‡¨ðŸ‡³","Peng / Jin",67.31,68.63,135.94,2.47,8.55,2019,"4CC","FS"
"208",7,7,"ðŸ‡¨ðŸ‡³","Peng / Jin",65.66,69.49,135.15,1.85,8.69,2022,"GPITA","FS"
"209",8,8,"ðŸ‡¨ðŸ‡³","Peng / Jin",67.68,67.2,134.88,3.07,8.34,2019,"ASNTRO","FS"
"210",9,9,"ðŸ‡¨ðŸ‡³","Peng / Jin",66.2,68.4,134.6,2.59,8.56,2020,"GPF","FS"
"211",10,10,"ðŸ‡¨ðŸ‡³","Peng / Jin",65.33,68.4,132.73,2.49,8.54,2020,"SHATRO","FS"
"212",11,11,"ðŸ‡¨ðŸ‡³","Peng / Jin",63.35,68.4,131.75,1.62,8.53,2022,"OLYT","FS"
"213",12,12,"ðŸ‡¨ðŸ‡³","Peng / Jin",63.59,67.88,131.47,2.21,8.47,2020,"GPCHN","FS"
"214",13,13,"ðŸ‡¨ðŸ‡³","Peng / Jin",63.92,66.35,130.27,1.88,8.28,2022,"ASNTRO","FS"
"215",14,14,"ðŸ‡¨ðŸ‡³","Peng / Jin",64.57,66.29,129.86,1.97,8.29,2021,"WC","FS"
"216",15,15,"ðŸ‡¨ðŸ‡³","Peng / Jin",64.5,64.58,129.08,2.41,8.06,2019,"GPCAN","FS"
"217",16,16,"ðŸ‡¨ðŸ‡³","Peng / Jin",63.05,66.11,128.16,2.05,8.27,2020,"GPUSA","FS"
"218",17,17,"ðŸ‡¨ðŸ‡³","Peng / Jin",56.02,61.12,116.14,1.38,7.64,2020,"USCLA","FS"
"219",18,18,"ðŸ‡¨ðŸ‡³","Peng / Jin",43.3,33.82,77.12,3.11,8.44,2020,"SHATRO","SP"
"220",19,19,"ðŸ‡¨ðŸ‡³","Peng / Jin",41.79,34.92,76.71,3.05,8.69,2022,"GPITA","SP"
"221",20,20,"ðŸ‡¨ðŸ‡³","Peng / Jin",40.87,35.23,76.1,2.94,8.81,2022,"OLY","SP"
"222",21,21,"ðŸ‡¨ðŸ‡³","Peng / Jin",41.57,34.39,75.96,2.87,8.63,2020,"4CC","SP"
"223",22,22,"ðŸ‡¨ðŸ‡³","Peng / Jin",42.29,33.4,75.69,3.19,8.37,2019,"GPF","SP"
"224",23,23,"ðŸ‡¨ðŸ‡³","Peng / Jin",41.28,34.23,75.51,3.29,8.57,2019,"WC","SP"
"225",24,24,"ðŸ‡¨ðŸ‡³","Peng / Jin",39.23,33.5,72.73,1.9,8.3,2020,"GPUSA","SP"
"226",25,25,"ðŸ‡¨ðŸ‡³","Peng / Jin",40.44,31.56,72,2.6,7.88,2019,"GPCAN","SP"
"227",26,26,"ðŸ‡¨ðŸ‡³","Peng / Jin",39.14,32.4,71.54,2.8,8.01,2019,"ASNTRO","SP"
"228",27,27,"ðŸ‡¨ðŸ‡³","Peng / Jin",37.54,34.78,71.32,2.44,8.62,2021,"WC","SP"
"229",28,28,"ðŸ‡¨ðŸ‡³","Peng / Jin",38.4,32.26,70.66,2.73,8.07,2019,"GPJPN","SP"
"230",29,29,"ðŸ‡¨ðŸ‡³","Peng / Jin",36.44,33.23,69.67,1.39,8.35,2020,"GPF","SP"
"231",30,30,"ðŸ‡¨ðŸ‡³","Peng / Jin",36.86,33.62,69.48,1.8,8.43,2019,"4CC","SP"
"232",31,31,"ðŸ‡¨ðŸ‡³","Peng / Jin",36.33,33.17,68.5,1.26,8.31,2020,"GPCHN","SP"
"233",32,32,"ðŸ‡¨ðŸ‡³","Peng / Jin",36.06,32.84,67.9,1.73,8.22,2020,"USCLA","SP"
"234",33,33,"ðŸ‡¨ðŸ‡³","Peng / Jin",35.57,32.84,66.41,1.61,8.26,2022,"ASNTRO","SP"
"235",1,1,"ðŸ‡¯ðŸ‡µ","Miura / Kihara",69.95,71.09,141.04,2.56,8.87,2022,"OLY","FS"
"236",2,2,"ðŸ‡¯ðŸ‡µ","Miura / Kihara",70.11,69.49,139.6,2.27,8.69,2022,"OLYT","FS"
"237",3,3,"ðŸ‡¯ðŸ‡µ","Miura / Kihara",68.24,68.33,135.57,1.99,8.54,2022,"GPUSA","FS"
"238",4,4,"ðŸ‡¯ðŸ‡µ","Miura / Kihara",66.79,68.65,135.44,2.24,8.59,2022,"GPJPN","FS"
"239",5,5,"ðŸ‡¯ðŸ‡µ","Miura / Kihara",66.06,65.68,131.74,1.91,8.14,2022,"ATMCLA","FS"
"240",6,6,"ðŸ‡¯ðŸ‡µ","Miura / Kihara",66.11,64.72,130.83,1.78,8.07,2021,"WTT","FS"
"241",7,7,"ðŸ‡¯ðŸ‡µ","Miura / Kihara",60.97,68,127.97,0.98,8.48,2022,"WC","FS"
"242",8,8,"ðŸ‡¯ðŸ‡µ","Miura / Kihara",60.24,60.8,120.04,0.94,7.59,2021,"WC","FS"
"243",9,9,"ðŸ‡¯ðŸ‡µ","Miura / Kihara",60.15,58.38,117.53,0.94,7.31,2020,"GPJPN","FS"
"244",10,10,"ðŸ‡¯ðŸ‡µ","Miura / Kihara",55.22,54.83,110.05,0.42,6.82,2020,"4CC","FS"
"245",11,11,"ðŸ‡¯ðŸ‡µ","Miura / Kihara",39.83,34.62,74.45,2.68,8.67,2022,"OLYT","SP"
"246",12,12,"ðŸ‡¯ðŸ‡µ","Miura / Kihara",40,33.98,73.98,2.68,8.49,2022,"GPJPN","SP"
"247",13,13,"ðŸ‡¯ðŸ‡µ","Miura / Kihara",38.77,33.86,72.63,2.36,8.45,2022,"GPUSA","SP"
"248",14,14,"ðŸ‡¯ðŸ‡µ","Miura / Kihara",41.12,31.2,72.32,2.51,7.79,2022,"ATMCLA","SP"
"249",15,15,"ðŸ‡¯ðŸ‡µ","Miura / Kihara",36.43,35.15,71.58,1.92,8.7,2022,"WC","SP"
"250",16,16,"ðŸ‡¯ðŸ‡µ","Miura / Kihara",36.39,34.46,70.85,2.24,8.61,2022,"OLY","SP"
"251",17,17,"ðŸ‡¯ðŸ‡µ","Miura / Kihara",35.66,31.16,65.82,1.39,7.79,2021,"WTT","SP"
"252",18,18,"ðŸ‡¯ðŸ‡µ","Miura / Kihara",34.97,29.4,64.37,1.61,7.32,2021,"WC","SP"
"253",19,19,"ðŸ‡¯ðŸ‡µ","Miura / Kihara",34.76,27.65,62.41,1.3,6.91,2020,"GPJPN","SP"
"254",20,20,"ðŸ‡¯ðŸ‡µ","Miura / Kihara",30.06,27.39,57.45,0,6.8,2020,"4CC","SP"
"255",1,1,"ðŸ‡®ðŸ‡¹","Della Monica / Guarise",65.67,66.84,131.51,2.14,8.35,2019,"GPRUS","FS"
"256",2,2,"ðŸ‡®ðŸ‡¹","Della Monica / Guarise",64.63,66.81,131.44,1.8,8.36,2019,"EC","FS"
"257",3,3,"ðŸ‡®ðŸ‡¹","Della Monica / Guarise",64.64,66.21,130.85,2.1,8.28,2019,"WTT","FS"
"258",4,4,"ðŸ‡®ðŸ‡¹","Della Monica / Guarise",62.16,66.29,128.45,1.58,8.29,2019,"WC","FS"
"259",5,5,"ðŸ‡®ðŸ‡¹","Della Monica / Guarise",63.92,64.32,128.24,1.29,8.06,2021,"WTT","FS"
"260",6,6,"ðŸ‡®ðŸ‡¹","Della Monica / Guarise",63.99,62.56,126.55,1.48,7.81,2021,"WC","FS"
"261",7,7,"ðŸ‡®ðŸ‡¹","Della Monica / Guarise",60.05,64.91,123.96,1.12,8.14,2020,"EC","FS"
"262",8,8,"ðŸ‡®ðŸ‡¹","Della Monica / Guarise",57.32,63.32,118.64,0.95,7.94,2020,"GPCHN","FS"
"263",9,9,"ðŸ‡®ðŸ‡¹","Della Monica / Guarise",55.59,64.27,117.86,0.76,7.97,2019,"GPF","FS"
"264",10,10,"ðŸ‡®ðŸ‡¹","Della Monica / Guarise",54.86,63.73,117.59,0.87,7.93,2019,"GPFIN","FS"
"265",11,11,"ðŸ‡®ðŸ‡¹","Della Monica / Guarise",54.05,62.24,116.29,0.89,7.79,2022,"OLY","FS"
"266",12,12,"ðŸ‡®ðŸ‡¹","Della Monica / Guarise",54.09,62.66,115.75,0.49,7.76,2022,"LOMTRO","FS"
"267",13,13,"ðŸ‡®ðŸ‡¹","Della Monica / Guarise",53.31,61.83,114.14,0.3,7.71,2022,"GPITA","FS"
"268",14,14,"ðŸ‡®ðŸ‡¹","Della Monica / Guarise",53.74,61.14,113.88,0.15,7.65,2020,"GPJPN","FS"
"269",15,15,"ðŸ‡®ðŸ‡¹","Della Monica / Guarise",51.04,61.89,112.93,1.04,7.73,2022,"GPRUS","FS"
"270",16,16,"ðŸ‡®ðŸ‡¹","Della Monica / Guarise",50.29,60.96,111.25,1.32,7.62,2019,"LOMTRO","FS"
"271",17,17,"ðŸ‡®ðŸ‡¹","Della Monica / Guarise",49.94,60.26,108.2,0.47,7.58,2020,"ICELAB","FS"
"272",18,18,"ðŸ‡®ðŸ‡¹","Della Monica / Guarise",40.58,33.12,73.7,2.86,8.31,2019,"EC","SP"
"273",19,19,"ðŸ‡®ðŸ‡¹","Della Monica / Guarise",40.69,31.66,72.35,2.78,7.86,2022,"LOMTRO","SP"
"274",20,20,"ðŸ‡®ðŸ‡¹","Della Monica / Guarise",39.61,32.71,72.32,2.9,8.17,2019,"GPRUS","SP"
"275",21,21,"ðŸ‡®ðŸ‡¹","Della Monica / Guarise",39.05,31.43,70.48,1.79,7.82,2020,"EC","SP"
"276",22,22,"ðŸ‡®ðŸ‡¹","Della Monica / Guarise",36.77,33,69.77,1.9,8.26,2019,"GPF","SP"
"277",23,22,"ðŸ‡®ðŸ‡¹","Della Monica / Guarise",36.87,32.9,69.77,1.55,8.2,2019,"WTT","SP"
"278",24,24,"ðŸ‡®ðŸ‡¹","Della Monica / Guarise",36.47,31.71,68.18,1.9,7.89,2019,"GPFIN","SP"
"279",25,25,"ðŸ‡®ðŸ‡¹","Della Monica / Guarise",34.4,32.89,67.29,2.1,8.16,2019,"WC","SP"
"280",26,26,"ðŸ‡®ðŸ‡¹","Della Monica / Guarise",35.41,31.52,66.93,1.77,7.87,2019,"LOMTRO","SP"
"281",27,27,"ðŸ‡®ðŸ‡¹","Della Monica / Guarise",34.05,32.04,66.09,1.02,7.97,2021,"WTT","SP"
"282",28,28,"ðŸ‡®ðŸ‡¹","Della Monica / Guarise",35.6,31.52,65.12,1.22,7.86,2022,"GPITA","SP"
"283",29,29,"ðŸ‡®ðŸ‡¹","Della Monica / Guarise",34.67,31.57,64.24,0.67,7.85,2020,"GPCHN","SP"
"284",30,30,"ðŸ‡®ðŸ‡¹","Della Monica / Guarise",33.16,31.42,63.58,1.07,7.81,2022,"OLY","SP"
"285",31,31,"ðŸ‡®ðŸ‡¹","Della Monica / Guarise",33.97,29.62,62.59,0.87,7.51,2020,"ICELAB","SP"
"286",32,32,"ðŸ‡®ðŸ‡¹","Della Monica / Guarise",30.75,30.55,60.3,0.22,7.59,2022,"OLYT","SP"
"287",33,33,"ðŸ‡®ðŸ‡¹","Della Monica / Guarise",28.98,31.97,59.95,0.78,7.97,2021,"WC","SP"
"288",34,34,"ðŸ‡®ðŸ‡¹","Della Monica / Guarise",31.01,29.91,59.92,0.36,7.52,2022,"GPRUS","SP"
"289",35,35,"ðŸ‡®ðŸ‡¹","Della Monica / Guarise",26.55,31,57.55,0.79,7.71,2020,"GPJPN","SP"
"290",1,1,"ðŸ‡¬ðŸ‡ª","Safina / Berulava",63.88,62.45,126.33,1.8,7.79,2022,"OLY","FS"
"291",2,2,"ðŸ‡¬ðŸ‡ª","Safina / Berulava",61.25,63.13,124.38,1.89,7.88,2022,"WC","FS"
"292",3,3,"ðŸ‡¬ðŸ‡ª","Safina / Berulava",62.3,59.82,122.12,1.51,7.48,2022,"EC","FS"
"293",4,4,"ðŸ‡¬ðŸ‡ª","Safina / Berulava",59.4,60.95,120.35,1.81,7.63,2022,"WJC","FS"
"294",5,5,"ðŸ‡¬ðŸ‡ª","Safina / Berulava",58.63,57.6,116.23,1.93,7.23,2022,"JGPAUT","FS"
"295",6,6,"ðŸ‡¬ðŸ‡ª","Safina / Berulava",54.42,58.96,112.38,0.51,7.36,2022,"GLDSPN","FS"
"296",7,7,"ðŸ‡¬ðŸ‡ª","Safina / Berulava",54.16,57.54,111.7,1.75,7.26,2022,"NEBTRO","FS"
"297",8,8,"ðŸ‡¬ðŸ‡ª","Safina / Berulava",54.92,55.7,110.62,1.22,6.98,2022,"JGPSVK","FS"
"298",9,9,"ðŸ‡¬ðŸ‡ª","Safina / Berulava",37.06,30.71,67.77,2.55,7.59,2022,"WJC","SP"
"299",10,10,"ðŸ‡¬ðŸ‡ª","Safina / Berulava",36.64,30.72,67.36,2.16,7.7,2022,"WC","SP"
"300",11,11,"ðŸ‡¬ðŸ‡ª","Safina / Berulava",37.55,29.4,66.95,1.56,7.21,2022,"GLDSPN","SP"
"301",12,12,"ðŸ‡¬ðŸ‡ª","Safina / Berulava",37.66,28.8,66.46,1.63,7.25,2022,"NEBTRO","SP"
"302",13,13,"ðŸ‡¬ðŸ‡ª","Safina / Berulava",36.74,29.37,66.11,2.13,7.37,2022,"OLY","SP"
"303",14,14,"ðŸ‡¬ðŸ‡ª","Safina / Berulava",35.59,29.2,64.79,1.82,7.28,2022,"OLYT","SP"
"304",15,15,"ðŸ‡¬ðŸ‡ª","Safina / Berulava",34.67,28.37,63.04,1.98,7.08,2022,"JGPAUT","SP"
"305",16,16,"ðŸ‡¬ðŸ‡ª","Safina / Berulava",34.43,28.5,61.93,1.07,7.13,2022,"EC","SP"
"306",17,17,"ðŸ‡¬ðŸ‡ª","Safina / Berulava",30.84,26.8,57.64,1.19,6.67,2022,"JGPSVK","SP"
"307",1,1,"ðŸ‡©ðŸ‡ª","Hase / Seegert",60.62,62.7,123.32,1.29,7.83,2022,"WC","FS"
"308",2,2,"ðŸ‡©ðŸ‡ª","Hase / Seegert",60.36,62.82,123.18,1.36,7.84,2022,"FINTRO","FS"
"309",3,3,"ðŸ‡©ðŸ‡ª","Hase / Seegert",63.05,57.43,120.48,1.63,7.18,2019,"EC","FS"
"310",4,4,"ðŸ‡©ðŸ‡ª","Hase / Seegert",58.92,61.07,118.99,0.82,7.61,2022,"NEBTRO","FS"
"311",5,5,"ðŸ‡©ðŸ‡ª","Hase / Seegert",56.65,62.24,118.89,0.8,7.76,2022,"GPCAN","FS"
"312",6,6,"ðŸ‡©ðŸ‡ª","Hase / Seegert",57.19,62.23,118.42,0.41,7.78,2020,"GPRUS","FS"
"313",7,7,"ðŸ‡©ðŸ‡ª","Hase / Seegert",60.46,57.36,117.82,1.37,7.19,2019,"CHACUP","FS"
"314",8,8,"ðŸ‡©ðŸ‡ª","Hase / Seegert",58.83,58.96,116.79,0.82,7.36,2020,"GLDSPN","FS"
"315",9,9,"ðŸ‡©ðŸ‡ª","Hase / Seegert",57.41,59.55,115.96,0.44,7.43,2020,"EC","FS"
"316",10,10,"ðŸ‡©ðŸ‡ª","Hase / Seegert",55.59,58.72,114.31,0.12,7.32,2020,"NEBTRO","FS"
"317",11,11,"ðŸ‡©ðŸ‡ª","Hase / Seegert",53.19,56.57,109.76,0.07,7.03,2019,"WC","FS"
"318",12,12,"ðŸ‡©ðŸ‡ª","Hase / Seegert",54.41,54.8,109.21,0.1,6.84,2019,"GLDSPN","FS"
"319",13,13,"ðŸ‡©ðŸ‡ª","Hase / Seegert",50.37,57.89,107.26,0.13,7.21,2022,"GPJPN","FS"
"320",14,14,"ðŸ‡©ðŸ‡ª","Hase / Seegert",49.18,58.36,106.54,0.66,7.28,2022,"EC","FS"
"321",15,15,"ðŸ‡©ðŸ‡ª","Hase / Seegert",47.2,57.76,103.96,0.21,7.17,2020,"GPFRA","FS"
"322",16,16,"ðŸ‡©ðŸ‡ª","Hase / Seegert",48.94,54.4,103.34,-0.18,6.8,2019,"NEBTRO","FS"
"323",17,17,"ðŸ‡©ðŸ‡ª","Hase / Seegert",50.81,52.35,102.16,-0.9,6.55,2019,"GPFRA","FS"
"324",18,18,"ðŸ‡©ðŸ‡ª","Hase / Seegert",48.1,54.96,102.06,-1.11,6.86,2019,"GPUSA","FS"
"325",19,19,"ðŸ‡©ðŸ‡ª","Hase / Seegert",36.89,55.6,91.49,-0.14,6.99,2021,"NRWTRO","FS"
"326",20,20,"ðŸ‡©ðŸ‡ª","Hase / Seegert",36.67,51.65,87.32,-0.31,6.46,2022,"OLY","FS"
"327",21,21,"ðŸ‡©ðŸ‡ª","Hase / Seegert",39.33,31.1,70.43,2.32,7.78,2020,"EC","SP"
"328",22,22,"ðŸ‡©ðŸ‡ª","Hase / Seegert",38.26,30.04,68.3,2.11,7.42,2020,"GLDSPN","SP"
"329",23,23,"ðŸ‡©ðŸ‡ª","Hase / Seegert",37.75,30.24,67.99,2.07,7.56,2020,"NEBTRO","SP"
"330",24,24,"ðŸ‡©ðŸ‡ª","Hase / Seegert",36.45,31.48,67.93,2.19,7.89,2022,"GPCAN","SP"
"331",25,25,"ðŸ‡©ðŸ‡ª","Hase / Seegert",36.74,31,67.74,1.86,7.74,2020,"GPRUS","SP"
"332",26,26,"ðŸ‡©ðŸ‡ª","Hase / Seegert",38,29.56,67.56,2.34,7.3,2019,"CHACUP","SP"
"333",27,27,"ðŸ‡©ðŸ‡ª","Hase / Seegert",34.97,31.32,66.29,1.65,7.82,2022,"WC","SP"
"334",28,28,"ðŸ‡©ðŸ‡ª","Hase / Seegert",35.96,30.3,66.26,2,7.62,2022,"NEBTRO","SP"
"335",29,29,"ðŸ‡©ðŸ‡ª","Hase / Seegert",33.75,31.44,65.19,2.02,7.86,2022,"FINTRO","SP"
"336",30,30,"ðŸ‡©ðŸ‡ª","Hase / Seegert",34.86,29.6,64.46,1.78,7.2,2021,"NRWTRO","SP"
"337",31,31,"ðŸ‡©ðŸ‡ª","Hase / Seegert",34.77,29.51,64.28,1.52,7.35,2019,"WC","SP"
"338",32,32,"ðŸ‡©ðŸ‡ª","Hase / Seegert",34.37,29.6,63.97,1.91,7.36,2021,"NEBTRO","SP"
"339",33,33,"ðŸ‡©ðŸ‡ª","Hase / Seegert",34.33,28.64,62.97,1.52,7.14,2019,"GLDSPN","SP"
"340",34,34,"ðŸ‡©ðŸ‡ª","Hase / Seegert",32.45,30.92,62.37,0.97,7.77,2022,"OLY","SP"
"341",35,35,"ðŸ‡©ðŸ‡ª","Hase / Seegert",32.64,30.57,62.21,0.87,7.64,2022,"EC","SP"
"342",36,36,"ðŸ‡©ðŸ‡ª","Hase / Seegert",33.25,28.83,60.08,1.17,7.12,2019,"EC","SP"
"343",37,37,"ðŸ‡©ðŸ‡ª","Hase / Seegert",31.92,28.12,60.04,1.24,7,2019,"GPUSA","SP"
"344",38,38,"ðŸ‡©ðŸ‡ª","Hase / Seegert",31.59,29.54,59.13,-0.06,7.42,2020,"GPFRA","SP"
"345",39,39,"ðŸ‡©ðŸ‡ª","Hase / Seegert",30.63,27.64,58.27,1.02,6.85,2019,"NEBTRO","SP"
"346",40,40,"ðŸ‡©ðŸ‡ª","Hase / Seegert",25.17,29.46,54.63,0.58,7.37,2022,"GPJPN","SP"
"347",41,41,"ðŸ‡©ðŸ‡ª","Hase / Seegert",26.95,26.66,52.61,-0.83,6.69,2019,"GPFRA","SP"
"348",1,1,"ðŸ‡ºðŸ‡¸","Cain / Leduc",66.19,66.85,132.04,1.54,8.36,2022,"GPJPN","FS"
"349",2,2,"ðŸ‡ºðŸ‡¸","Cain / Leduc",63.12,67.54,129.66,1.74,8.43,2020,"GPFRA","FS"
"350",3,3,"ðŸ‡ºðŸ‡¸","Cain / Leduc",64.15,67.2,129.35,1.38,8.44,2020,"USCLA","FS"
"351",4,4,"ðŸ‡ºðŸ‡¸","Cain / Leduc",62.98,66.35,129.33,1.8,8.29,2019,"4CC","FS"
"352",5,5,"ðŸ‡ºðŸ‡¸","Cain / Leduc",63.68,65.92,128.6,1.22,8.24,2020,"GLDSPN","FS"
"353",6,6,"ðŸ‡ºðŸ‡¸","Cain / Leduc",62.28,65.94,128.22,1.22,8.24,2022,"GPCAN","FS"
"354",7,7,"ðŸ‡ºðŸ‡¸","Cain / Leduc",62.96,65.06,128.02,1.14,8.13,2022,"FINTRO","FS"
"355",8,8,"ðŸ‡ºðŸ‡¸","Cain / Leduc",63.26,64.62,126.88,1.19,8.03,2019,"WC","FS"
"356",9,9,"ðŸ‡ºðŸ‡¸","Cain / Leduc",61.5,64.74,125.24,1.47,8.1,2019,"WTT","FS"
"357",10,10,"ðŸ‡ºðŸ‡¸","Cain / Leduc",59.74,66.18,123.92,0.45,8.27,2022,"OLY","FS"
"358",11,11,"ðŸ‡ºðŸ‡¸","Cain / Leduc",56.61,63.76,120.37,1.12,7.93,2021,"WC","FS"
"359",12,12,"ðŸ‡ºðŸ‡¸","Cain / Leduc",55.58,61.76,117.34,0.6,7.73,2019,"GPUSA","FS"
"360",13,13,"ðŸ‡ºðŸ‡¸","Cain / Leduc",55.96,59.92,115.88,0.91,7.48,2019,"NEPMEM","FS"
"361",14,14,"ðŸ‡ºðŸ‡¸","Cain / Leduc",57.39,56.56,113.95,0.43,7.06,2019,"USCLA","FS"
"362",15,15,"ðŸ‡ºðŸ‡¸","Cain / Leduc",54.34,57.16,111.5,0.47,7.13,2019,"GPRUS","FS"
"363",16,16,"ðŸ‡ºðŸ‡¸","Cain / Leduc",53.38,59.68,111.06,-0.19,7.42,2022,"ATMCLA","FS"
"364",17,17,"ðŸ‡ºðŸ‡¸","Cain / Leduc",50.44,59.9,109.34,0.27,7.51,2020,"GPUSA","FS"
"365",18,18,"ðŸ‡ºðŸ‡¸","Cain / Leduc",48.25,60.08,105.33,-0.36,7.54,2019,"GLDSPN","FS"
"366",19,19,"ðŸ‡ºðŸ‡¸","Cain / Leduc",42.35,33.88,76.23,2.78,8.46,2020,"USCLA","SP"
"367",20,20,"ðŸ‡ºðŸ‡¸","Cain / Leduc",40.87,34.98,75.85,2.43,8.72,2022,"WC","SP"
"368",21,21,"ðŸ‡ºðŸ‡¸","Cain / Leduc",39.91,34.22,74.13,2.08,8.57,2022,"OLY","SP"
"369",22,22,"ðŸ‡ºðŸ‡¸","Cain / Leduc",39.47,31.36,70.83,2.41,7.82,2020,"GLDSPN","SP"
"370",23,23,"ðŸ‡ºðŸ‡¸","Cain / Leduc",37.95,32.8,70.75,2,8.2,2022,"GPJPN","SP"
"371",24,24,"ðŸ‡ºðŸ‡¸","Cain / Leduc",37,32.2,68.2,1.56,8.06,2020,"GPUSA","SP"
"372",25,25,"ðŸ‡ºðŸ‡¸","Cain / Leduc",34.89,32.6,67.49,1.6,8.15,2019,"4CC","SP"
"373",26,26,"ðŸ‡ºðŸ‡¸","Cain / Leduc",35.81,32.12,66.93,1.12,8,2019,"WC","SP"
"374",27,27,"ðŸ‡ºðŸ‡¸","Cain / Leduc",35.02,31.89,66.91,1.28,7.94,2019,"WTT","SP"
"375",28,28,"ðŸ‡ºðŸ‡¸","Cain / Leduc",33.06,34.06,66.12,1.54,8.53,2020,"GPFRA","SP"
"376",29,29,"ðŸ‡ºðŸ‡¸","Cain / Leduc",35.6,30.08,65.68,1.29,7.49,2019,"NEPMEM","SP"
"377",30,30,"ðŸ‡ºðŸ‡¸","Cain / Leduc",33.59,31.39,64.98,1.53,7.85,2022,"FINTRO","SP"
"378",31,31,"ðŸ‡ºðŸ‡¸","Cain / Leduc",34.37,31.57,64.94,1.05,7.88,2021,"WC","SP"
"379",32,32,"ðŸ‡ºðŸ‡¸","Cain / Leduc",33.94,30.4,64.34,1,7.61,2019,"GLDSPN","SP"
"380",33,33,"ðŸ‡ºðŸ‡¸","Cain / Leduc",30.88,31.8,61.68,1.16,7.92,2022,"GPCAN","SP"
"381",34,34,"ðŸ‡ºðŸ‡¸","Cain / Leduc",31.14,29.44,59.58,0.24,7.32,2022,"ATMCLA","SP"
"382",35,35,"ðŸ‡ºðŸ‡¸","Cain / Leduc",31.38,28.72,59.1,0.69,7.15,2019,"USCLA","SP"
"383",36,36,"ðŸ‡ºðŸ‡¸","Cain / Leduc",30.11,28.68,58.79,1.5,7.16,2019,"GPRUS","SP"
"384",37,37,"ðŸ‡ºðŸ‡¸","Cain / Leduc",28.92,29.8,57.72,-0.69,7.46,2019,"GPUSA","SP"
"385",1,1,"ðŸ‡¦ðŸ‡¹","Ziegler / Kiefer",63.67,60.29,123.96,1.23,7.55,2020,"GPFRA","FS"
"386",2,2,"ðŸ‡¦ðŸ‡¹","Ziegler / Kiefer",63.93,59.33,123.26,1.72,7.37,2019,"GPRUS","FS"
"387",3,3,"ðŸ‡¦ðŸ‡¹","Ziegler / Kiefer",63.06,58.72,121.78,1.37,7.34,2019,"CHACUP","FS"
"388",4,4,"ðŸ‡¦ðŸ‡¹","Ziegler / Kiefer",59.93,60.25,120.18,0.84,7.52,2020,"GPRUS","FS"
"389",5,5,"ðŸ‡¦ðŸ‡¹","Ziegler / Kiefer",59.41,60.32,119.73,0.69,7.51,2020,"CHACUP","FS"
"390",6,6,"ðŸ‡¦ðŸ‡¹","Ziegler / Kiefer",59.44,60.08,118.52,1.38,7.39,2019,"TALTRO","FS"
"391",7,7,"ðŸ‡¦ðŸ‡¹","Ziegler / Kiefer",57.39,60.9,118.29,1.07,7.59,2021,"WC","FS"
"392",8,8,"ðŸ‡¦ðŸ‡¹","Ziegler / Kiefer",55.69,59.32,115.01,0.32,7.39,2019,"WC","FS"
"393",9,9,"ðŸ‡¦ðŸ‡¹","Ziegler / Kiefer",57.95,57.46,114.41,1.7,7.15,2019,"ICESTR","FS"
"394",10,10,"ðŸ‡¦ðŸ‡¹","Ziegler / Kiefer",56.34,58.49,113.83,1.23,7.24,2019,"FINTRO","FS"
"395",11,11,"ðŸ‡¦ðŸ‡¹","Ziegler / Kiefer",56.94,58.41,113.35,0.06,7.31,2020,"FINTRO","FS"
"396",12,12,"ðŸ‡¦ðŸ‡¹","Ziegler / Kiefer",53.83,58.29,112.12,1.34,7.27,2019,"GPFIN","FS"
"397",13,13,"ðŸ‡¦ðŸ‡¹","Ziegler / Kiefer",52.92,58.59,109.51,-0.1,7.37,2020,"EC","FS"
"398",14,14,"ðŸ‡¦ðŸ‡¹","Ziegler / Kiefer",51.9,55.99,105.89,-0.11,6.97,2022,"WC","FS"
"399",15,15,"ðŸ‡¦ðŸ‡¹","Ziegler / Kiefer",48.19,57.08,105.27,-0.08,7.13,2022,"GPRUS","FS"
"400",16,16,"ðŸ‡¦ðŸ‡¹","Ziegler / Kiefer",49.56,55.44,104,0.01,6.84,2020,"NEBTRO","FS"
"401",17,17,"ðŸ‡¦ðŸ‡¹","Ziegler / Kiefer",37.48,30.42,67.9,1.97,7.59,2020,"EC","SP"
"402",18,18,"ðŸ‡¦ðŸ‡¹","Ziegler / Kiefer",37.43,29.64,67.07,1.83,7.42,2020,"CHACUP","SP"
"403",19,19,"ðŸ‡¦ðŸ‡¹","Ziegler / Kiefer",36.72,29.36,66.08,1.98,7.27,2019,"TALTRO","SP"
"404",20,20,"ðŸ‡¦ðŸ‡¹","Ziegler / Kiefer",35.7,28.46,64.16,1.52,7.08,2019,"ICESTR","SP"
"405",21,21,"ðŸ‡¦ðŸ‡¹","Ziegler / Kiefer",34.21,29.8,64.01,1.8,7.51,2021,"WC","SP"
"406",22,22,"ðŸ‡¦ðŸ‡¹","Ziegler / Kiefer",34.58,29.17,63.75,1.6,7.28,2019,"GPRUS","SP"
"407",23,23,"ðŸ‡¦ðŸ‡¹","Ziegler / Kiefer",33.62,30.03,63.65,2.07,7.51,2019,"WC","SP"
"408",24,24,"ðŸ‡¦ðŸ‡¹","Ziegler / Kiefer",33.84,29,62.84,1.02,7.05,2019,"CHACUP","SP"
"409",25,25,"ðŸ‡¦ðŸ‡¹","Ziegler / Kiefer",33.57,29.12,62.69,0.83,7.23,2019,"GPFIN","SP"
"410",26,26,"ðŸ‡¦ðŸ‡¹","Ziegler / Kiefer",33.75,29.51,62.26,1.85,7.4,2019,"FINTRO","SP"
"411",27,27,"ðŸ‡¦ðŸ‡¹","Ziegler / Kiefer",32.42,29.42,61.84,0.15,7.36,2020,"GPRUS","SP"
"412",28,28,"ðŸ‡¦ðŸ‡¹","Ziegler / Kiefer",32.28,28.51,60.79,0.93,7.13,2022,"WC","SP"
"413",29,29,"ðŸ‡¦ðŸ‡¹","Ziegler / Kiefer",29.81,30.64,59.45,0.53,7.64,2020,"NEBTRO","SP"
"414",30,30,"ðŸ‡¦ðŸ‡¹","Ziegler / Kiefer",30.33,29.2,58.53,-0.02,7.27,2022,"GPRUS","SP"
"415",31,31,"ðŸ‡¦ðŸ‡¹","Ziegler / Kiefer",29.5,29.2,57.7,0.29,7.34,2019,"EC","SP"
"416",32,32,"ðŸ‡¦ðŸ‡¹","Ziegler / Kiefer",28.96,29.34,57.3,-0.95,7.33,2020,"GPFRA","SP"
"417",33,33,"ðŸ‡¦ðŸ‡¹","Ziegler / Kiefer",28.49,27.6,54.09,-0.44,6.84,2020,"FINTRO","SP"
"418",34,34,"ðŸ‡¦ðŸ‡¹","Ziegler / Kiefer",24.53,27.43,51.96,-0.8,6.84,2022,"OLY","SP"
"419",1,1,"ðŸ‡¨ðŸ‡¦","Walsh / Michaud",58.43,58.4,116.83,1.38,7.29,2021,"WC","FS"
"420",2,2,"ðŸ‡¨ðŸ‡¦","Walsh / Michaud",56.65,59.09,115.74,0.47,7.35,2022,"WC","FS"
"421",3,3,"ðŸ‡¨ðŸ‡¦","Walsh / Michaud",56.43,58.18,114.61,0.77,7.32,2020,"4CC","FS"
"422",4,4,"ðŸ‡¨ðŸ‡¦","Walsh / Michaud",56.89,57.67,114.56,1.41,7.21,2019,"WC","FS"
"423",5,5,"ðŸ‡¨ðŸ‡¦","Walsh / Michaud",54.62,59.66,114.28,0.47,7.47,2022,"4CC","FS"
"424",6,6,"ðŸ‡¨ðŸ‡¦","Walsh / Michaud",58.17,55.77,112.94,1.1,6.98,2019,"GPCAN","FS"
"425",7,7,"ðŸ‡¨ðŸ‡¦","Walsh / Michaud",52.32,58.69,111.01,0.36,7.33,2022,"GPJPN","FS"
"426",8,8,"ðŸ‡¨ðŸ‡¦","Walsh / Michaud",51.92,58.64,109.56,0.14,7.33,2022,"GLDSPN","FS"
"427",9,9,"ðŸ‡¨ðŸ‡¦","Walsh / Michaud",55.26,55.31,108.57,0.12,6.9,2020,"GPCAN","FS"
"428",10,10,"ðŸ‡¨ðŸ‡¦","Walsh / Michaud",52.26,55.94,106.2,-0.36,7.02,2020,"GPRUS","FS"
"429",11,11,"ðŸ‡¨ðŸ‡¦","Walsh / Michaud",50.96,53.73,103.69,0.4,6.71,2020,"FINTRO","FS"
"430",12,12,"ðŸ‡¨ðŸ‡¦","Walsh / Michaud",51.22,52.64,101.86,-0.35,6.59,2019,"NEBTRO","FS"
"431",13,13,"ðŸ‡¨ðŸ‡¦","Walsh / Michaud",44.4,53.74,97.14,-0.49,6.75,2019,"4CC","FS"
"432",14,14,"ðŸ‡¨ðŸ‡¦","Walsh / Michaud",40.43,55.15,93.58,-1.01,6.88,2022,"GPUSA","FS"
"433",15,15,"ðŸ‡¨ðŸ‡¦","Walsh / Michaud",41.83,45.52,84.35,-1.62,5.68,2019,"GPUSA","FS"
"434",16,16,"ðŸ‡¨ðŸ‡¦","Walsh / Michaud",35.33,30.09,65.42,1.32,7.54,2022,"4CC","SP"
"435",17,17,"ðŸ‡¨ðŸ‡¦","Walsh / Michaud",34.08,28.89,62.97,0.82,7.31,2020,"4CC","SP"
"436",18,18,"ðŸ‡¨ðŸ‡¦","Walsh / Michaud",34.31,28.45,62.76,0.96,7.11,2020,"GPRUS","SP"
"437",19,19,"ðŸ‡¨ðŸ‡¦","Walsh / Michaud",33.88,28.03,61.91,1.06,7.06,2019,"4CC","SP"
"438",20,20,"ðŸ‡¨ðŸ‡¦","Walsh / Michaud",30.66,29.62,60.28,0.17,7.4,2022,"WC","SP"
"439",21,21,"ðŸ‡¨ðŸ‡¦","Walsh / Michaud",32.46,27.38,59.84,0.81,6.86,2019,"WC","SP"
"440",22,22,"ðŸ‡¨ðŸ‡¦","Walsh / Michaud",33.47,26.12,59.59,0.81,6.52,2019,"GPCAN","SP"
"441",23,23,"ðŸ‡¨ðŸ‡¦","Walsh / Michaud",31.32,29.09,59.41,1.53,7.32,2021,"WC","SP"
"442",24,24,"ðŸ‡¨ðŸ‡¦","Walsh / Michaud",29.95,29.36,59.31,0.06,7.36,2022,"GLDSPN","SP"
"443",25,25,"ðŸ‡¨ðŸ‡¦","Walsh / Michaud",28.52,28.45,56.97,0.08,7.09,2022,"GPJPN","SP"
"444",26,26,"ðŸ‡¨ðŸ‡¦","Walsh / Michaud",30.07,27.02,56.09,-0.54,6.77,2020,"GPCAN","SP"
"445",27,27,"ðŸ‡¨ðŸ‡¦","Walsh / Michaud",26.69,28.34,54.03,-0.78,7.11,2022,"GPUSA","SP"
"446",28,28,"ðŸ‡¨ðŸ‡¦","Walsh / Michaud",27.69,25.16,51.85,-0.68,6.29,2019,"NEBTRO","SP"
"447",29,29,"ðŸ‡¨ðŸ‡¦","Walsh / Michaud",22.23,26.8,48.03,-1.33,6.59,2020,"FINTRO","SP"
"448",30,30,"ðŸ‡¨ðŸ‡¦","Walsh / Michaud",22.37,24.34,44.71,-2.81,6.09,2019,"GPUSA","SP"
