"","","#","Nat","Skater","TES","PCS","TotalScore","MeanGOE Mark","MeanPCS Mark","Season","Event","Seg"
"1",1,1,"ðŸ‡ºðŸ‡¸","Nathan Chen",130.3,98.5,228.8,4.35,9.83,2019,"NATUSA","FS"
"2",2,2,"ðŸ‡ºðŸ‡¸","Nathan Chen",129.14,95.78,224.92,3.66,9.57,2020,"GPF","FS"
"3",3,3,"ðŸ‡ºðŸ‡¸","Nathan Chen",125.89,96.14,222.03,3.16,9.6,2021,"WC","FS"
"4",4,4,"ðŸ‡ºðŸ‡¸","Nathan Chen",121.41,97.22,218.63,3.28,9.71,2022,"OLY","FS"
"5",5,5,"ðŸ‡ºðŸ‡¸","Nathan Chen",118.32,97.72,216.04,3.7,9.76,2020,"NATUSA","FS"
"6",6,6,"ðŸ‡ºðŸ‡¸","Nathan Chen",121.24,94.78,216.02,3.57,9.47,2019,"WC","FS"
"7",7,7,"ðŸ‡ºðŸ‡¸","Nathan Chen",123.56,91.06,212.62,2.74,9.14,2022,"NATUSA","FS"
"8",8,8,"ðŸ‡ºðŸ‡¸","Nathan Chen",114.36,94,208.36,2.71,9.41,2021,"NATUSA","FS"
"9",9,9,"ðŸ‡ºðŸ‡¸","Nathan Chen",107.84,95.4,203.24,2.98,9.54,2021,"WTT","FS"
"10",10,10,"ðŸ‡ºðŸ‡¸","Nathan Chen",107.68,92.78,200.46,2.72,9.27,2022,"GPCAN","FS"
"11",11,11,"ðŸ‡ºðŸ‡¸","Nathan Chen",105.91,93.58,199.49,2.99,9.35,2019,"WTT","FS"
"12",12,12,"ðŸ‡ºðŸ‡¸","Nathan Chen",102.38,94,196.38,3.26,9.39,2020,"GPUSA","FS"
"13",13,13,"ðŸ‡ºðŸ‡¸","Nathan Chen",102.1,92.58,194.68,2.19,9.24,2020,"GPFRA","FS"
"14",14,14,"ðŸ‡ºðŸ‡¸","Nathan Chen",99.05,90.94,189.99,2.6,9.11,2019,"GPUSA","FS"
"15",15,15,"ðŸ‡ºðŸ‡¸","Nathan Chen",98.67,91.16,189.83,2.44,9.13,2020,"JPNOPN","FS"
"16",16,16,"ðŸ‡ºðŸ‡¸","Nathan Chen",101.79,88.64,189.43,1.68,8.86,2019,"GPF","FS"
"17",17,17,"ðŸ‡ºðŸ‡¸","Nathan Chen",95.18,92.8,187.98,2.82,9.29,2021,"GPUSA","FS"
"18",18,18,"ðŸ‡ºðŸ‡¸","Nathan Chen",96.5,89.98,186.48,2.48,8.99,2022,"GPUSA","FS"
"19",19,19,"ðŸ‡ºðŸ‡¸","Nathan Chen",96.94,87.7,184.64,2.26,8.82,2019,"GPFRA","FS"
"20",20,20,"ðŸ‡ºðŸ‡¸","Nathan Chen",66.32,82.64,144.96,-0.04,8.23,2019,"JPNOPN","FS"
"21",21,21,"ðŸ‡ºðŸ‡¸","Nathan Chen",66.93,48.46,115.39,3.95,9.69,2022,"NATUSA","SP"
"22",22,22,"ðŸ‡ºðŸ‡¸","Nathan Chen",65.66,48.47,114.13,4.13,9.69,2020,"NATUSA","SP"
"23",23,23,"ðŸ‡ºðŸ‡¸","Nathan Chen",65.98,47.99,113.97,3.75,9.6,2022,"OLY","SP"
"24",24,24,"ðŸ‡ºðŸ‡¸","Nathan Chen",66.22,47.7,113.92,3.65,9.56,2021,"NATUSA","SP"
"25",25,25,"ðŸ‡ºðŸ‡¸","Nathan Chen",65.05,48.37,113.42,4.11,9.65,2019,"NATUSA","SP"
"26",26,26,"ðŸ‡ºðŸ‡¸","Nathan Chen",63.85,47.86,111.71,3.16,9.54,2022,"OLYT","SP"
"27",27,27,"ðŸ‡ºðŸ‡¸","Nathan Chen",63.12,48.05,111.17,3.61,9.59,2021,"GPUSA","SP"
"28",28,28,"ðŸ‡ºðŸ‡¸","Nathan Chen",63.13,47.25,110.38,3.56,9.44,2020,"GPF","SP"
"29",29,29,"ðŸ‡ºðŸ‡¸","Nathan Chen",61.95,47.7,109.65,3.47,9.54,2021,"WTT","SP"
"30",30,30,"ðŸ‡ºðŸ‡¸","Nathan Chen",60.98,46.42,107.4,3.24,9.27,2019,"WC","SP"
"31",31,31,"ðŸ‡ºðŸ‡¸","Nathan Chen",60.29,46.43,106.72,3.08,9.29,2022,"GPCAN","SP"
"32",32,32,"ðŸ‡ºðŸ‡¸","Nathan Chen",56.21,46.5,102.71,2.78,9.3,2020,"GPUSA","SP"
"33",33,33,"ðŸ‡ºðŸ‡¸","Nathan Chen",55.97,46.51,102.48,2.4,9.29,2020,"GPFRA","SP"
"34",34,34,"ðŸ‡ºðŸ‡¸","Nathan Chen",54.69,47.26,101.95,3.37,9.44,2019,"WTT","SP"
"35",35,35,"ðŸ‡ºðŸ‡¸","Nathan Chen",53.42,46.43,98.85,2.02,9.27,2021,"WC","SP"
"36",36,36,"ðŸ‡ºðŸ‡¸","Nathan Chen",48.78,44.21,92.99,1.94,8.84,2019,"GPF","SP"
"37",37,37,"ðŸ‡ºðŸ‡¸","Nathan Chen",45.94,44.64,90.58,2.19,8.93,2019,"GPUSA","SP"
"38",38,38,"ðŸ‡ºðŸ‡¸","Nathan Chen",44.29,43.65,86.94,1.53,8.73,2019,"GPFRA","SP"
"39",39,39,"ðŸ‡ºðŸ‡¸","Nathan Chen",39.72,44.17,82.89,0.54,8.83,2022,"GPUSA","SP"
"40",1,1,"ðŸ‡¯ðŸ‡µ","Shoma Uno",107.71,95.14,202.85,2.87,9.52,2022,"WC","FS"
"41",2,2,"ðŸ‡¯ðŸ‡µ","Shoma Uno",104.5,94.2,198.7,2.77,9.42,2020,"CHACUP","FS"
"42",3,3,"ðŸ‡¯ðŸ‡µ","Shoma Uno",104.48,92.88,197.36,2.67,9.28,2019,"4CC","FS"
"43",4,4,"ðŸ‡¯ðŸ‡µ","Shoma Uno",101.64,93.3,193.94,2.08,9.3,2022,"NATJPN","FS"
"44",5,5,"ðŸ‡¯ðŸ‡µ","Shoma Uno",98.23,92.36,190.59,2.32,9.22,2021,"NATJPN","FS"
"45",6,6,"ðŸ‡¯ðŸ‡µ","Shoma Uno",100.88,89.58,189.46,1.65,8.95,2019,"WTT","FS"
"46",7,7,"ðŸ‡¯ðŸ‡µ","Shoma Uno",101.74,88.64,188.38,2,8.87,2019,"GPCAN","FS"
"47",8,8,"ðŸ‡¯ðŸ‡µ","Shoma Uno",96.99,90.58,187.57,2.14,9.02,2022,"GPJPN","FS"
"48",9,9,"ðŸ‡¯ðŸ‡µ","Shoma Uno",96.24,91.86,187.1,1.78,9.18,2022,"OLY","FS"
"49",10,10,"ðŸ‡¯ðŸ‡µ","Shoma Uno",97.12,89.92,187.04,2.54,9.01,2019,"NATJPN","FS"
"50",11,11,"ðŸ‡¯ðŸ‡µ","Shoma Uno",98.25,89.44,186.69,2.08,8.96,2019,"JPNOPN","FS"
"51",12,12,"ðŸ‡¯ðŸ‡µ","Shoma Uno",94.14,90.72,184.86,2.11,9.06,2020,"NATJPN","FS"
"52",13,13,"ðŸ‡¯ðŸ‡µ","Shoma Uno",94.9,89.92,184.82,1.11,8.99,2021,"WC","FS"
"53",14,14,"ðŸ‡¯ðŸ‡µ","Shoma Uno",94.18,89.78,183.96,2.17,8.97,2019,"GPJPN","FS"
"54",15,15,"ðŸ‡¯ðŸ‡µ","Shoma Uno",93.29,90.14,183.43,1.63,9.01,2019,"GPF","FS"
"55",16,16,"ðŸ‡¯ðŸ‡µ","Shoma Uno",93.25,88.36,181.61,0.9,8.86,2022,"GPUSA","FS"
"56",17,17,"ðŸ‡¯ðŸ‡µ","Shoma Uno",93.07,89.14,181.21,1.7,8.88,2022,"JPNOPN","FS"
"57",18,18,"ðŸ‡¯ðŸ‡µ","Shoma Uno",89.9,89.02,178.92,1.69,8.91,2019,"WC","FS"
"58",19,19,"ðŸ‡¯ðŸ‡µ","Shoma Uno",83.75,89.3,172.05,0.84,8.92,2019,"LOMTRO","FS"
"59",20,20,"ðŸ‡¯ðŸ‡µ","Shoma Uno",80.37,89.72,169.09,1.78,8.96,2020,"JPNOPN","FS"
"60",21,21,"ðŸ‡¯ðŸ‡µ","Shoma Uno",82.16,84.8,164.96,1.21,8.46,2021,"WTT","FS"
"61",22,22,"ðŸ‡¯ðŸ‡µ","Shoma Uno",80.17,86.78,164.95,1.01,8.68,2020,"GPRUS","FS"
"62",23,23,"ðŸ‡¯ðŸ‡µ","Shoma Uno",76.95,87,162.95,1.36,8.66,2020,"FINTRO","FS"
"63",24,24,"ðŸ‡¯ðŸ‡µ","Shoma Uno",61.57,79.22,136.79,-0.69,7.91,2020,"GPFRA","FS"
"64",25,25,"ðŸ‡¯ðŸ‡µ","Shoma Uno",62.36,47.27,109.63,3.6,9.44,2022,"WC","SP"
"65",26,26,"ðŸ‡¯ðŸ‡µ","Shoma Uno",59.05,46.85,105.9,3.37,9.37,2022,"OLY","SP"
"66",27,27,"ðŸ‡¯ðŸ‡µ","Shoma Uno",58.78,46.93,105.71,3.37,9.38,2020,"NATJPN","SP"
"67",28,28,"ðŸ‡¯ðŸ‡µ","Shoma Uno",58.89,46.57,105.46,3.06,9.33,2022,"OLYT","SP"
"68",29,29,"ðŸ‡¯ðŸ‡µ","Shoma Uno",57.65,46.5,104.15,3.55,9.27,2019,"LOMTRO","SP"
"69",30,30,"ðŸ‡¯ðŸ‡µ","Shoma Uno",56.55,46.03,102.58,3.22,9.21,2022,"GPJPN","SP"
"70",31,31,"ðŸ‡¯ðŸ‡µ","Shoma Uno",56.81,45.25,102.06,3.13,9.02,2019,"NATJPN","SP"
"71",32,32,"ðŸ‡¯ðŸ‡µ","Shoma Uno",55.48,46.4,101.88,2.69,9.23,2022,"NATJPN","SP"
"72",33,33,"ðŸ‡¯ðŸ‡µ","Shoma Uno",49.08,46.14,94.22,2.41,9.18,2021,"NATJPN","SP"
"73",34,34,"ðŸ‡¯ðŸ‡µ","Shoma Uno",47.67,45.11,92.78,2.15,9.02,2019,"WTT","SP"
"74",35,35,"ðŸ‡¯ðŸ‡µ","Shoma Uno",49.02,44.6,92.62,1.68,8.89,2021,"WC","SP"
"75",36,36,"ðŸ‡¯ðŸ‡µ","Shoma Uno",48.91,44.58,92.49,2.38,8.87,2019,"GPJPN","SP"
"76",37,37,"ðŸ‡¯ðŸ‡µ","Shoma Uno",47.6,44.68,92.28,2.31,8.88,2020,"FINTRO","SP"
"77",38,38,"ðŸ‡¯ðŸ‡µ","Shoma Uno",46.94,44.82,91.76,2.39,8.95,2019,"4CC","SP"
"78",39,39,"ðŸ‡¯ðŸ‡µ","Shoma Uno",46.31,45.4,91.71,1.73,9.08,2020,"CHACUP","SP"
"79",40,40,"ðŸ‡¯ðŸ‡µ","Shoma Uno",46.88,44.79,91.67,2.23,8.89,2019,"GPF","SP"
"80",41,41,"ðŸ‡¯ðŸ‡µ","Shoma Uno",47.51,44.89,91.4,2.32,9.01,2019,"WC","SP"
"81",42,42,"ðŸ‡¯ðŸ‡µ","Shoma Uno",44.29,44.78,89.07,3,8.95,2022,"GPUSA","SP"
"82",43,43,"ðŸ‡¯ðŸ‡µ","Shoma Uno",46.63,43.24,88.87,0.85,8.63,2019,"GPCAN","SP"
"83",44,44,"ðŸ‡¯ðŸ‡µ","Shoma Uno",44.49,43.8,87.29,1.35,8.75,2020,"GPRUS","SP"
"84",45,45,"ðŸ‡¯ðŸ‡µ","Shoma Uno",37.94,43.11,79.05,0.4,8.61,2020,"GPFRA","SP"
"85",46,46,"ðŸ‡¯ðŸ‡µ","Shoma Uno",35.91,42.55,77.46,-0.45,8.49,2021,"WTT","SP"
"86",1,1,"ðŸ‡¯ðŸ‡µ","Yuma Kagiyama",116.5,92.44,208.94,2.92,9.23,2022,"OLYT","FS"
"87",2,2,"ðŸ‡¯ðŸ‡µ","Yuma Kagiyama",107.99,93.94,201.93,2.88,9.38,2022,"OLY","FS"
"88",3,3,"ðŸ‡¯ðŸ‡µ","Yuma Kagiyama",108.71,88.78,197.49,3.02,8.88,2022,"GPITA","FS"
"89",4,4,"ðŸ‡¯ðŸ‡µ","Yuma Kagiyama",105.68,91.58,197.26,2.76,9.16,2022,"NATJPN","FS"
"90",5,5,"ðŸ‡¯ðŸ‡µ","Yuma Kagiyama",98.53,93.38,191.91,2.92,9.33,2022,"WC","FS"
"91",6,6,"ðŸ‡¯ðŸ‡µ","Yuma Kagiyama",102.39,88.42,190.81,1.75,8.84,2021,"WC","FS"
"92",7,7,"ðŸ‡¯ðŸ‡µ","Yuma Kagiyama",105.71,82.9,188.61,2.87,8.28,2021,"GPJPN","FS"
"93",8,8,"ðŸ‡¯ðŸ‡µ","Yuma Kagiyama",95.57,90.2,185.77,2.45,9.01,2022,"GPFRA","FS"
"94",9,9,"ðŸ‡¯ðŸ‡µ","Yuma Kagiyama",99.1,81.48,180.58,2.71,8.15,2020,"NATJPN","FS"
"95",10,10,"ðŸ‡¯ðŸ‡µ","Yuma Kagiyama",93.97,86.22,180.19,1.89,8.62,2021,"NATJPN","FS"
"96",11,11,"ðŸ‡¯ðŸ‡µ","Yuma Kagiyama",95.54,85.44,179.98,1.21,8.57,2022,"ASNTRO","FS"
"97",12,12,"ðŸ‡¯ðŸ‡µ","Yuma Kagiyama",95.28,83.72,179,2.35,8.36,2020,"4CC","FS"
"98",13,13,"ðŸ‡¯ðŸ‡µ","Yuma Kagiyama",90.09,81,171.09,2.76,8.04,2020,"NATJPN","FS"
"99",14,14,"ðŸ‡¯ðŸ‡µ","Yuma Kagiyama",86.93,79.48,166.41,2.27,7.97,2020,"YOG","FS"
"100",15,15,"ðŸ‡¯ðŸ‡µ","Yuma Kagiyama",83.79,76.84,160.63,2.44,7.67,2020,"JGPPOL","FS"
"101",16,16,"ðŸ‡¯ðŸ‡µ","Yuma Kagiyama",80.96,75.94,155.9,2.21,7.57,2020,"JGPF","FS"
"102",17,17,"ðŸ‡¯ðŸ‡µ","Yuma Kagiyama",78.68,75.58,154.26,2.03,7.58,2020,"JGPFRA","FS"
"103",18,18,"ðŸ‡¯ðŸ‡µ","Yuma Kagiyama",68.65,78.28,145.93,1.2,7.66,2020,"WJC","FS"
"104",19,19,"ðŸ‡¯ðŸ‡µ","Yuma Kagiyama",74.15,67.7,141.85,1.19,6.71,2019,"NATJPN","FS"
"105",20,20,"ðŸ‡¯ðŸ‡µ","Yuma Kagiyama",69.85,70.2,139.05,1.01,6.99,2019,"CHACUP","FS"
"106",21,21,"ðŸ‡¯ðŸ‡µ","Yuma Kagiyama",69.92,67,136.92,1.49,6.71,2019,"JGPARM","FS"
"107",22,22,"ðŸ‡¯ðŸ‡µ","Yuma Kagiyama",71.59,66.3,136.89,1.33,6.58,2019,"NATJPN","FS"
"108",23,23,"ðŸ‡¯ðŸ‡µ","Yuma Kagiyama",52.71,66.42,119.13,1.02,6.66,2019,"JGPCAN","FS"
"109",24,24,"ðŸ‡¯ðŸ‡µ","Yuma Kagiyama",60.91,47.21,108.12,3.87,9.46,2022,"OLY","SP"
"110",25,25,"ðŸ‡¯ðŸ‡µ","Yuma Kagiyama",58.62,47.07,105.69,3.33,9.41,2022,"WC","SP"
"111",26,26,"ðŸ‡¯ðŸ‡µ","Yuma Kagiyama",57.86,43.1,100.96,2.84,8.57,2021,"WC","SP"
"112",27,27,"ðŸ‡¯ðŸ‡µ","Yuma Kagiyama",55.42,45.22,100.64,2.62,9,2022,"GPFRA","SP"
"113",28,28,"ðŸ‡¯ðŸ‡µ","Yuma Kagiyama",56.04,42.56,98.6,3.48,8.53,2021,"NATJPN","SP"
"114",29,29,"ðŸ‡¯ðŸ‡µ","Yuma Kagiyama",54.14,43.66,97.8,2.88,8.74,2022,"ASNTRO","SP"
"115",30,30,"ðŸ‡¯ðŸ‡µ","Yuma Kagiyama",51.15,45,95.15,2.08,9.01,2022,"NATJPN","SP"
"116",31,31,"ðŸ‡¯ðŸ‡µ","Yuma Kagiyama",52.39,39.22,91.61,2.66,7.8,2020,"4CC","SP"
"117",32,32,"ðŸ‡¯ðŸ‡µ","Yuma Kagiyama",47.31,39.95,87.26,2.93,7.99,2021,"GPJPN","SP"
"118",33,33,"ðŸ‡¯ðŸ‡µ","Yuma Kagiyama",46.93,38.89,85.82,3.17,7.81,2020,"WJC","SP"
"119",34,34,"ðŸ‡¯ðŸ‡µ","Yuma Kagiyama",46.82,37.9,84.72,3.06,7.59,2020,"JGPPOL","SP"
"120",35,35,"ðŸ‡¯ðŸ‡µ","Yuma Kagiyama",43.94,36.67,80.61,2.59,7.36,2020,"JGPFRA","SP"
"121",36,36,"ðŸ‡¯ðŸ‡µ","Yuma Kagiyama",37.77,42.76,80.53,1.37,8.54,2022,"GPITA","SP"
"122",37,37,"ðŸ‡¯ðŸ‡µ","Yuma Kagiyama",41.52,38.4,79.92,2.27,7.67,2020,"NATJPN","SP"
"123",38,38,"ðŸ‡¯ðŸ‡µ","Yuma Kagiyama",43.32,35.65,78.97,2.17,7.11,2019,"CHACUP","SP"
"124",39,39,"ðŸ‡¯ðŸ‡µ","Yuma Kagiyama",40.49,36.92,77.41,2.37,7.39,2020,"NATJPN","SP"
"125",40,40,"ðŸ‡¯ðŸ‡µ","Yuma Kagiyama",42.86,32.74,75.6,2.07,6.54,2019,"JGPCAN","SP"
"126",41,41,"ðŸ‡¯ðŸ‡µ","Yuma Kagiyama",40.91,33.6,74.51,1.69,6.76,2019,"NATJPN","SP"
"127",42,42,"ðŸ‡¯ðŸ‡µ","Yuma Kagiyama",36.92,36.84,72.76,1.49,7.37,2020,"YOG","SP"
"128",43,43,"ðŸ‡¯ðŸ‡µ","Yuma Kagiyama",34.01,37.18,71.19,1.57,7.42,2020,"JGPF","SP"
"129",44,44,"ðŸ‡¯ðŸ‡µ","Yuma Kagiyama",31.93,33.17,65.1,1.21,6.66,2019,"JGPARM","SP"
"130",45,45,"ðŸ‡¯ðŸ‡µ","Yuma Kagiyama",29.01,32.7,60.71,1.1,6.53,2019,"NATJPN","SP"
"131",1,1,"ðŸ‡¯ðŸ‡µ","Yuzuru Hanyu",118.61,97.22,215.83,3.73,9.68,2021,"NATJPN","FS"
"132",2,2,"ðŸ‡¯ðŸ‡µ","Yuzuru Hanyu",116.59,96.4,212.99,3.23,9.64,2020,"GPCAN","FS"
"133",3,3,"ðŸ‡¯ðŸ‡µ","Yuzuru Hanyu",114.25,96.8,211.05,3.6,9.68,2022,"NATJPN","FS"
"134",4,4,"ðŸ‡¯ðŸ‡µ","Yuzuru Hanyu",110.26,95.84,206.1,3.16,9.58,2019,"WC","FS"
"135",5,5,"ðŸ‡¯ðŸ‡µ","Yuzuru Hanyu",101.57,94.14,195.71,3.05,9.4,2020,"GPJPN","FS"
"136",6,6,"ðŸ‡¯ðŸ‡µ","Yuzuru Hanyu",100.36,93.64,194,2.5,9.33,2020,"GPF","FS"
"137",7,7,"ðŸ‡¯ðŸ‡µ","Yuzuru Hanyu",99.26,94.5,193.76,3.26,9.42,2021,"WTT","FS"
"138",8,8,"ðŸ‡¯ðŸ‡µ","Yuzuru Hanyu",98.01,92.42,190.43,2.24,9.24,2019,"GPFIN","FS"
"139",9,9,"ðŸ‡¯ðŸ‡µ","Yuzuru Hanyu",99.62,90.44,188.06,2.05,9.03,2022,"OLY","FS"
"140",10,10,"ðŸ‡¯ðŸ‡µ","Yuzuru Hanyu",97.32,91.28,187.6,1.8,9.15,2020,"4CC","FS"
"141",11,11,"ðŸ‡¯ðŸ‡µ","Yuzuru Hanyu",89.78,92.42,182.2,1.09,9.26,2021,"WC","FS"
"142",12,12,"ðŸ‡¯ðŸ‡µ","Yuzuru Hanyu",90.97,89.7,180.67,1.42,8.99,2020,"ATMCLA","FS"
"143",13,13,"ðŸ‡¯ðŸ‡µ","Yuzuru Hanyu",83.33,89.72,172.05,0.68,8.98,2020,"NATJPN","FS"
"144",14,14,"ðŸ‡¯ðŸ‡µ","Yuzuru Hanyu",78.25,90.64,167.89,1.66,9.08,2019,"GPRUS","FS"
"145",15,15,"ðŸ‡¯ðŸ‡µ","Yuzuru Hanyu",79.01,87.9,165.91,1.9,8.8,2019,"ATMCLA","FS"
"146",16,16,"ðŸ‡¯ðŸ‡µ","Yuzuru Hanyu",63.42,48.4,111.82,4.14,9.68,2020,"4CC","SP"
"147",17,17,"ðŸ‡¯ðŸ‡µ","Yuzuru Hanyu",62.28,49.03,111.31,4.16,9.8,2022,"NATJPN","SP"
"148",18,18,"ðŸ‡¯ðŸ‡µ","Yuzuru Hanyu",62.33,48.39,110.72,3.95,9.67,2020,"NATJPN","SP"
"149",19,19,"ðŸ‡¯ðŸ‡µ","Yuzuru Hanyu",62.44,48.09,110.53,3.92,9.63,2019,"GPRUS","SP"
"150",20,20,"ðŸ‡¯ðŸ‡µ","Yuzuru Hanyu",61.13,48.47,109.6,3.87,9.64,2020,"GPCAN","SP"
"151",21,21,"ðŸ‡¯ðŸ‡µ","Yuzuru Hanyu",61.23,48.11,109.34,3.65,9.63,2020,"GPJPN","SP"
"152",22,22,"ðŸ‡¯ðŸ‡µ","Yuzuru Hanyu",59.27,47.85,107.12,3.57,9.56,2021,"WTT","SP"
"153",23,23,"ðŸ‡¯ðŸ‡µ","Yuzuru Hanyu",59.02,47.96,106.98,3.66,9.57,2021,"WC","SP"
"154",24,24,"ðŸ‡¯ðŸ‡µ","Yuzuru Hanyu",59.09,47.6,106.69,3.65,9.53,2019,"GPFIN","SP"
"155",25,25,"ðŸ‡¯ðŸ‡µ","Yuzuru Hanyu",56.21,47.32,103.53,3.76,9.46,2021,"NATJPN","SP"
"156",26,26,"ðŸ‡¯ðŸ‡µ","Yuzuru Hanyu",53.03,46.35,98.38,2.53,9.26,2020,"ATMCLA","SP"
"157",27,27,"ðŸ‡¯ðŸ‡µ","Yuzuru Hanyu",52.34,45.4,97.74,3.15,9.08,2019,"ATMCLA","SP"
"158",28,28,"ðŸ‡¯ðŸ‡µ","Yuzuru Hanyu",50.1,47.33,97.43,2.67,9.44,2020,"GPF","SP"
"159",29,29,"ðŸ‡¯ðŸ‡µ","Yuzuru Hanyu",48.07,47.08,95.15,3.85,9.39,2022,"OLY","SP"
"160",30,30,"ðŸ‡¯ðŸ‡µ","Yuzuru Hanyu",48.16,46.71,94.87,3.85,9.32,2019,"WC","SP"
"161",1,1,"ðŸ‡ºðŸ‡¸","Camden Pulkinen",97.61,84.58,182.19,2.55,8.42,2022,"WC","FS"
"162",2,2,"ðŸ‡ºðŸ‡¸","Camden Pulkinen",87.89,82.36,170.25,2.28,8.2,2022,"NATUSA","FS"
"163",3,3,"ðŸ‡ºðŸ‡¸","Camden Pulkinen",75.25,81.64,156.89,1.76,8.13,2020,"NATUSA","FS"
"164",4,4,"ðŸ‡ºðŸ‡¸","Camden Pulkinen",73.03,82.7,155.73,0.75,8.28,2020,"GPCAN","FS"
"165",5,5,"ðŸ‡ºðŸ‡¸","Camden Pulkinen",77.64,77.86,154.5,1.07,7.79,2022,"GPRUS","FS"
"166",6,6,"ðŸ‡ºðŸ‡¸","Camden Pulkinen",72.64,75.16,147.8,1.74,7.53,2019,"JGPAUT","FS"
"167",7,7,"ðŸ‡ºðŸ‡¸","Camden Pulkinen",77.13,71.68,146.81,0.43,7.14,2022,"4CC","FS"
"168",8,8,"ðŸ‡ºðŸ‡¸","Camden Pulkinen",70.13,74.4,143.53,0.62,7.46,2020,"GLDSPN","FS"
"169",9,9,"ðŸ‡ºðŸ‡¸","Camden Pulkinen",68.88,74.28,142.16,-0.24,7.41,2020,"4CC","FS"
"170",10,10,"ðŸ‡ºðŸ‡¸","Camden Pulkinen",68.13,75.02,142.15,0.84,7.49,2022,"USCLA","FS"
"171",11,11,"ðŸ‡ºðŸ‡¸","Camden Pulkinen",60.12,80.9,140.02,0.68,8.08,2021,"NATUSA","FS"
"172",12,12,"ðŸ‡ºðŸ‡¸","Camden Pulkinen",63.95,76.8,139.75,0.75,7.67,2020,"GPCHN","FS"
"173",13,13,"ðŸ‡ºðŸ‡¸","Camden Pulkinen",62.03,77.7,138.73,0.99,7.71,2021,"GPUSA","FS"
"174",14,14,"ðŸ‡ºðŸ‡¸","Camden Pulkinen",66.81,71.84,137.65,0.22,7.2,2022,"GPJPN","FS"
"175",15,15,"ðŸ‡ºðŸ‡¸","Camden Pulkinen",61.51,74.4,134.91,0.03,7.39,2020,"ATMCLA","FS"
"176",16,16,"ðŸ‡ºðŸ‡¸","Camden Pulkinen",62.45,74.82,134.27,0.5,7.5,2019,"WJC","FS"
"177",17,17,"ðŸ‡ºðŸ‡¸","Camden Pulkinen",62.02,70.42,131.44,0.23,7.06,2019,"JGPCZE","FS"
"178",18,18,"ðŸ‡ºðŸ‡¸","Camden Pulkinen",56.31,72.42,128.73,1.24,7.22,2022,"FINTRO","FS"
"179",19,19,"ðŸ‡ºðŸ‡¸","Camden Pulkinen",62.11,68.5,128.61,-0.57,6.83,2020,"PHIINT","FS"
"180",20,20,"ðŸ‡ºðŸ‡¸","Camden Pulkinen",60,69.82,127.82,-0.24,6.81,2019,"PHIINT","FS"
"181",21,21,"ðŸ‡ºðŸ‡¸","Camden Pulkinen",57.7,67,124.7,0.55,6.76,2019,"ALPTRO","FS"
"182",22,22,"ðŸ‡ºðŸ‡¸","Camden Pulkinen",51.34,72.14,121.48,-0.14,7.2,2019,"NATUSA","FS"
"183",23,23,"ðŸ‡ºðŸ‡¸","Camden Pulkinen",57.69,61.68,118.37,0.17,6.23,2022,"CRNCUP","FS"
"184",24,24,"ðŸ‡ºðŸ‡¸","Camden Pulkinen",52.31,68.06,117.37,-1.23,6.77,2019,"JGPF","FS"
"185",25,25,"ðŸ‡ºðŸ‡¸","Camden Pulkinen",48.85,41.31,90.16,2.13,8.21,2022,"NATUSA","SP"
"186",26,26,"ðŸ‡ºðŸ‡¸","Camden Pulkinen",48.63,40.87,89.5,2.17,8.19,2022,"WC","SP"
"187",27,27,"ðŸ‡ºðŸ‡¸","Camden Pulkinen",47.91,41.14,89.05,2.04,8.19,2020,"GPCAN","SP"
"188",28,28,"ðŸ‡ºðŸ‡¸","Camden Pulkinen",45.86,38.8,84.66,1.55,7.73,2020,"4CC","SP"
"189",29,29,"ðŸ‡ºðŸ‡¸","Camden Pulkinen",45.26,38.21,83.47,1.14,7.64,2022,"GPRUS","SP"
"190",30,30,"ðŸ‡ºðŸ‡¸","Camden Pulkinen",44.91,37.5,82.41,2.59,7.56,2019,"WJC","SP"
"191",31,31,"ðŸ‡ºðŸ‡¸","Camden Pulkinen",41.99,39.35,81.34,1.23,7.87,2020,"ATMCLA","SP"
"192",32,32,"ðŸ‡ºðŸ‡¸","Camden Pulkinen",44.98,36.03,81.01,2.71,7.18,2019,"JGPCZE","SP"
"193",33,33,"ðŸ‡ºðŸ‡¸","Camden Pulkinen",42.87,37.44,80.31,2.17,7.48,2019,"JGPF","SP"
"194",34,34,"ðŸ‡ºðŸ‡¸","Camden Pulkinen",38.78,41.3,80.08,2.39,8.32,2021,"NATUSA","SP"
"195",35,35,"ðŸ‡ºðŸ‡¸","Camden Pulkinen",38.48,40.71,79.19,0.53,8.12,2020,"NATUSA","SP"
"196",36,36,"ðŸ‡ºðŸ‡¸","Camden Pulkinen",40.95,38.97,78.92,0.83,7.76,2020,"GPCHN","SP"
"197",37,37,"ðŸ‡ºðŸ‡¸","Camden Pulkinen",39.54,38.85,78.39,1.86,7.78,2019,"NATUSA","SP"
"198",38,38,"ðŸ‡ºðŸ‡¸","Camden Pulkinen",41.37,35.78,76.15,1.44,7.16,2019,"JGPAUT","SP"
"199",39,39,"ðŸ‡ºðŸ‡¸","Camden Pulkinen",37.54,38.5,76.04,2.08,7.69,2020,"GLDSPN","SP"
"200",40,40,"ðŸ‡ºðŸ‡¸","Camden Pulkinen",39.25,37.26,75.51,1,7.46,2022,"FINTRO","SP"
"201",41,41,"ðŸ‡ºðŸ‡¸","Camden Pulkinen",37.7,34.15,71.85,0.86,6.77,2019,"ALPTRO","SP"
"202",42,42,"ðŸ‡ºðŸ‡¸","Camden Pulkinen",31.49,38.6,69.09,0.21,7.74,2021,"GPUSA","SP"
"203",43,43,"ðŸ‡ºðŸ‡¸","Camden Pulkinen",32.11,36.09,67.2,0.41,7.2,2019,"PHIINT","SP"
"204",44,44,"ðŸ‡ºðŸ‡¸","Camden Pulkinen",32.51,36.33,66.84,-0.72,7.26,2022,"USCLA","SP"
"205",45,45,"ðŸ‡ºðŸ‡¸","Camden Pulkinen",29.38,33.75,61.13,-0.45,6.86,2022,"CRNCUP","SP"
"206",46,46,"ðŸ‡ºðŸ‡¸","Camden Pulkinen",24.68,33.13,57.81,-0.56,6.66,2020,"PHIINT","SP"
"207",47,47,"ðŸ‡ºðŸ‡¸","Camden Pulkinen",22.61,35.97,57.58,-0.55,7.17,2022,"4CC","SP"
"208",48,48,"ðŸ‡ºðŸ‡¸","Camden Pulkinen",20.88,35.65,55.53,-0.67,7.11,2022,"GPJPN","SP"
"209",1,1,"ðŸ‡ºðŸ‡¸","Vincent Zhou",110.14,88.36,198.5,2.79,8.85,2019,"WTT","FS"
"210",2,2,"ðŸ‡ºðŸ‡¸","Vincent Zhou",110.19,87.94,198.13,2.1,8.79,2022,"GPUSA","FS"
"211",3,3,"ðŸ‡ºðŸ‡¸","Vincent Zhou",99.71,87.28,186.99,2.49,8.72,2019,"WC","FS"
"212",4,4,"ðŸ‡ºðŸ‡¸","Vincent Zhou",99.04,87.84,186.88,1.81,8.79,2022,"NEBTRO","FS"
"213",5,5,"ðŸ‡ºðŸ‡¸","Vincent Zhou",103.71,82.02,185.73,1.31,8.2,2022,"CRNCUP","FS"
"214",6,6,"ðŸ‡ºðŸ‡¸","Vincent Zhou",98.48,86.28,183.76,1.99,8.62,2019,"NATUSA","FS"
"215",7,7,"ðŸ‡ºðŸ‡¸","Vincent Zhou",94.99,89.6,183.59,1.65,8.96,2021,"NATUSA","FS"
"216",8,8,"ðŸ‡ºðŸ‡¸","Vincent Zhou",93.96,87.58,181.54,1.12,8.77,2022,"WC","FS"
"217",9,9,"ðŸ‡ºðŸ‡¸","Vincent Zhou",94.11,86.3,180.41,2.64,8.61,2020,"NATUSA","FS"
"218",10,10,"ðŸ‡ºðŸ‡¸","Vincent Zhou",89.54,88.84,177.38,0.85,8.89,2022,"NATUSA","FS"
"219",11,11,"ðŸ‡ºðŸ‡¸","Vincent Zhou",89.24,87.5,175.74,1.26,8.74,2021,"GPUSA","FS"
"220",12,12,"ðŸ‡ºðŸ‡¸","Vincent Zhou",88.56,83.48,172.04,1.41,8.33,2019,"4CC","FS"
"221",13,13,"ðŸ‡ºðŸ‡¸","Vincent Zhou",85.24,86.2,171.44,0.74,8.53,2022,"OLYT","FS"
"222",14,14,"ðŸ‡ºðŸ‡¸","Vincent Zhou",86.36,81.28,167.64,1.05,8.03,2020,"JPNOPN","FS"
"223",15,15,"ðŸ‡ºðŸ‡¸","Vincent Zhou",76.12,85.06,161.18,0.45,8.49,2022,"GPJPN","FS"
"224",16,16,"ðŸ‡ºðŸ‡¸","Vincent Zhou",77.59,79.2,156.79,1.06,7.91,2019,"TALTRO","FS"
"225",17,17,"ðŸ‡ºðŸ‡¸","Vincent Zhou",72.87,76.5,149.37,0.31,7.67,2019,"GPUSA","FS"
"226",18,18,"ðŸ‡ºðŸ‡¸","Vincent Zhou",71.66,75.86,147.52,0.36,7.57,2019,"GPJPN","FS"
"227",19,19,"ðŸ‡ºðŸ‡¸","Vincent Zhou",63.82,80.1,142.92,-0.34,8.01,2020,"USCLA","FS"
"228",20,20,"ðŸ‡ºðŸ‡¸","Vincent Zhou",69.6,74.3,142.9,-0.27,7.44,2019,"USCLA","FS"
"229",21,21,"ðŸ‡ºðŸ‡¸","Vincent Zhou",64.82,47.96,112.78,3.86,9.57,2022,"NATUSA","SP"
"230",22,22,"ðŸ‡ºðŸ‡¸","Vincent Zhou",61.49,46.3,107.79,3.55,9.23,2021,"NATUSA","SP"
"231",23,23,"ðŸ‡ºðŸ‡¸","Vincent Zhou",60.03,42.5,102.53,3.09,8.55,2022,"CRNCUP","SP"
"232",24,24,"ðŸ‡ºðŸ‡¸","Vincent Zhou",57.3,43.21,100.51,2.52,8.65,2019,"WTT","SP"
"233",25,25,"ðŸ‡ºðŸ‡¸","Vincent Zhou",56.4,43.85,100.25,3.03,8.78,2019,"NATUSA","SP"
"234",26,26,"ðŸ‡ºðŸ‡¸","Vincent Zhou",57.93,42.25,100.18,2.51,8.42,2019,"4CC","SP"
"235",27,27,"ðŸ‡ºðŸ‡¸","Vincent Zhou",55.69,43.82,99.51,2.33,8.77,2022,"GPJPN","SP"
"236",28,28,"ðŸ‡ºðŸ‡¸","Vincent Zhou",55.56,43.8,99.36,2.33,8.77,2021,"GPUSA","SP"
"237",29,29,"ðŸ‡ºðŸ‡¸","Vincent Zhou",54.78,42.65,97.43,2.31,8.5,2022,"GPUSA","SP"
"238",30,30,"ðŸ‡ºðŸ‡¸","Vincent Zhou",54.63,42.72,97.35,2.56,8.56,2022,"NEBTRO","SP"
"239",31,31,"ðŸ‡ºðŸ‡¸","Vincent Zhou",51.67,44.17,95.84,2.33,8.82,2022,"WC","SP"
"240",32,32,"ðŸ‡ºðŸ‡¸","Vincent Zhou",51.53,43.29,94.82,2.81,8.64,2020,"NATUSA","SP"
"241",33,33,"ðŸ‡ºðŸ‡¸","Vincent Zhou",52.49,41.68,94.17,1.9,8.29,2019,"WC","SP"
"242",34,34,"ðŸ‡ºðŸ‡¸","Vincent Zhou",48.78,40.25,89.03,1.64,8.02,2020,"USCLA","SP"
"243",35,35,"ðŸ‡ºðŸ‡¸","Vincent Zhou",37.86,39.6,77.46,0.5,7.85,2019,"TALTRO","SP"
"244",36,36,"ðŸ‡ºðŸ‡¸","Vincent Zhou",39.52,37.86,76.38,0.23,7.57,2019,"GPUSA","SP"
"245",37,37,"ðŸ‡ºðŸ‡¸","Vincent Zhou",37.94,37.96,75.9,0.84,7.63,2019,"GPJPN","SP"
"246",38,38,"ðŸ‡ºðŸ‡¸","Vincent Zhou",32.04,40.47,70.51,-0.97,8.06,2021,"WC","SP"
"247",39,39,"ðŸ‡ºðŸ‡¸","Vincent Zhou",25.02,37.7,61.72,0.73,7.51,2019,"USCLA","SP"
"248",1,1,"ðŸ‡¬ðŸ‡ª","Morisi Kvitelashvili",93.42,86,179.42,2.1,8.64,2022,"WC","FS"
"249",2,2,"ðŸ‡¬ðŸ‡ª","Morisi Kvitelashvili",88.74,88.5,176.24,1.59,8.89,2021,"GPRUS","FS"
"250",3,3,"ðŸ‡¬ðŸ‡ª","Morisi Kvitelashvili",92.21,83.1,175.31,1.99,8.36,2019,"UNIVER","FS"
"251",4,4,"ðŸ‡¬ðŸ‡ª","Morisi Kvitelashvili",87.62,84.34,170.96,1.4,8.43,2022,"GPRUS","FS"
"252",5,5,"ðŸ‡¬ðŸ‡ª","Morisi Kvitelashvili",85.92,84.72,170.64,1.65,8.46,2022,"OLY","FS"
"253",6,6,"ðŸ‡¬ðŸ‡ª","Morisi Kvitelashvili",90.18,77.9,168.08,1.3,7.8,2022,"GLDSPN","FS"
"254",7,7,"ðŸ‡¬ðŸ‡ª","Morisi Kvitelashvili",86.52,78.42,163.94,1.58,7.82,2020,"EC","FS"
"255",8,8,"ðŸ‡¬ðŸ‡ª","Morisi Kvitelashvili",81.8,79.92,161.72,1.81,7.99,2020,"GPRUS","FS"
"256",9,9,"ðŸ‡¬ðŸ‡ª","Morisi Kvitelashvili",85.49,75.78,161.27,1.11,7.58,2022,"GPCAN","FS"
"257",10,10,"ðŸ‡¬ðŸ‡ª","Morisi Kvitelashvili",77.49,84.66,161.15,1.38,8.46,2022,"EC","FS"
"258",11,11,"ðŸ‡¬ðŸ‡ª","Morisi Kvitelashvili",82.86,76.8,159.66,0.75,7.68,2022,"LOMTRO","FS"
"259",12,12,"ðŸ‡¬ðŸ‡ª","Morisi Kvitelashvili",81.2,77.44,158.64,0.42,7.74,2019,"GPRUS","FS"
"260",13,13,"ðŸ‡¬ðŸ‡ª","Morisi Kvitelashvili",82.59,76.48,158.07,0.96,7.67,2019,"WC","FS"
"261",14,14,"ðŸ‡¬ðŸ‡ª","Morisi Kvitelashvili",78.51,79.08,157.59,0.99,7.92,2020,"GPFRA","FS"
"262",15,15,"ðŸ‡¬ðŸ‡ª","Morisi Kvitelashvili",82.43,74.72,157.15,0.51,7.51,2021,"WC","FS"
"263",16,16,"ðŸ‡¬ðŸ‡ª","Morisi Kvitelashvili",76.58,81.4,156.98,0.93,8.1,2020,"TENMEM","FS"
"264",17,17,"ðŸ‡¬ðŸ‡ª","Morisi Kvitelashvili",78.35,77.2,155.55,1.11,7.7,2020,"GLDSPN","FS"
"265",18,18,"ðŸ‡¬ðŸ‡ª","Morisi Kvitelashvili",79.41,75.26,153.67,0.86,7.5,2019,"FINTRO","FS"
"266",19,19,"ðŸ‡¬ðŸ‡ª","Morisi Kvitelashvili",71.51,75.3,146.81,0.89,7.54,2020,"LOMTRO","FS"
"267",20,20,"ðŸ‡¬ðŸ‡ª","Morisi Kvitelashvili",72.33,74.42,146.75,0.44,7.39,2019,"EC","FS"
"268",21,21,"ðŸ‡¬ðŸ‡ª","Morisi Kvitelashvili",72.24,73.9,145.14,0.52,7.38,2019,"NEPMEM","FS"
"269",22,22,"ðŸ‡¬ðŸ‡ª","Morisi Kvitelashvili",65.73,77.34,142.07,0.86,7.73,2019,"BOSCUP","FS"
"270",23,23,"ðŸ‡¬ðŸ‡ª","Morisi Kvitelashvili",65.28,72.26,136.54,0.53,7.21,2019,"GPUSA","FS"
"271",24,24,"ðŸ‡¬ðŸ‡ª","Morisi Kvitelashvili",64.52,71.66,135.18,0.29,7.2,2021,"CHACUP","FS"
"272",25,25,"ðŸ‡¬ðŸ‡ª","Morisi Kvitelashvili",55.91,43.65,99.56,2.59,8.77,2021,"GPRUS","SP"
"273",26,26,"ðŸ‡¬ðŸ‡ª","Morisi Kvitelashvili",55.69,42.29,97.98,2.61,8.44,2022,"OLY","SP"
"274",27,27,"ðŸ‡¬ðŸ‡ª","Morisi Kvitelashvili",53.87,41.5,95.37,2.17,8.29,2022,"GPRUS","SP"
"275",28,28,"ðŸ‡¬ðŸ‡ª","Morisi Kvitelashvili",51.12,41.64,92.76,1.93,8.3,2022,"EC","SP"
"276",29,29,"ðŸ‡¬ðŸ‡ª","Morisi Kvitelashvili",50.82,41.79,92.61,1.6,8.33,2022,"WC","SP"
"277",30,30,"ðŸ‡¬ðŸ‡ª","Morisi Kvitelashvili",50.63,41.74,92.37,1.63,8.35,2022,"OLYT","SP"
"278",31,31,"ðŸ‡¬ðŸ‡ª","Morisi Kvitelashvili",51.48,38.46,89.94,1.58,7.69,2019,"GPRUS","SP"
"279",32,32,"ðŸ‡¬ðŸ‡ª","Morisi Kvitelashvili",49.4,39.6,88,1.19,7.89,2020,"TENMEM","SP"
"280",33,33,"ðŸ‡¬ðŸ‡ª","Morisi Kvitelashvili",45.05,38.72,82.77,0.58,7.76,2020,"EC","SP"
"281",34,34,"ðŸ‡¬ðŸ‡ª","Morisi Kvitelashvili",42.86,39.85,82.71,2.67,7.88,2019,"UNIVER","SP"
"282",35,35,"ðŸ‡¬ðŸ‡ª","Morisi Kvitelashvili",47.1,36.57,82.67,0.74,7.29,2019,"WC","SP"
"283",36,36,"ðŸ‡¬ðŸ‡ª","Morisi Kvitelashvili",43.95,38.15,81.1,0.98,7.62,2020,"GLDSPN","SP"
"284",37,37,"ðŸ‡¬ðŸ‡ª","Morisi Kvitelashvili",41.33,38.46,78.79,0.71,7.69,2020,"GPFRA","SP"
"285",38,38,"ðŸ‡¬ðŸ‡ª","Morisi Kvitelashvili",41.91,37.75,78.66,0.26,7.6,2019,"BOSCUP","SP"
"286",39,39,"ðŸ‡¬ðŸ‡ª","Morisi Kvitelashvili",41.76,35.76,77.52,0.71,7.13,2019,"FINTRO","SP"
"287",40,40,"ðŸ‡¬ðŸ‡ª","Morisi Kvitelashvili",39.32,37.2,76.52,1.36,7.44,2022,"LOMTRO","SP"
"288",41,41,"ðŸ‡¬ðŸ‡ª","Morisi Kvitelashvili",41.94,35.55,76.49,0.27,7.12,2019,"NEPMEM","SP"
"289",42,42,"ðŸ‡¬ðŸ‡ª","Morisi Kvitelashvili",36.83,39.04,75.87,1.65,7.82,2020,"GPRUS","SP"
"290",43,43,"ðŸ‡¬ðŸ‡ª","Morisi Kvitelashvili",37.63,37.03,74.66,-0.96,7.37,2021,"WC","SP"
"291",44,44,"ðŸ‡¬ðŸ‡ª","Morisi Kvitelashvili",37.2,36.95,74.15,1.1,7.42,2020,"LOMTRO","SP"
"292",45,45,"ðŸ‡¬ðŸ‡ª","Morisi Kvitelashvili",35.53,38.51,73.04,0.88,7.69,2019,"EC","SP"
"293",46,46,"ðŸ‡¬ðŸ‡ª","Morisi Kvitelashvili",33.99,37.61,71.6,0.46,7.53,2022,"GPCAN","SP"
"294",47,47,"ðŸ‡¬ðŸ‡ª","Morisi Kvitelashvili",35.28,36.66,69.94,-0.37,7.32,2021,"CHACUP","SP"
"295",48,48,"ðŸ‡¬ðŸ‡ª","Morisi Kvitelashvili",34.3,36.28,68.58,-0.14,7.24,2019,"GPUSA","SP"
"296",49,49,"ðŸ‡¬ðŸ‡ª","Morisi Kvitelashvili",26.68,35.85,58.53,-1.23,7.15,2022,"GLDSPN","SP"
"297",1,1,"ðŸ‡·ðŸ‡º","Mikhail Kolyada",96.81,96.86,193.67,3.06,9.68,2021,"NATRUS","FS"
"298",2,2,"ðŸ‡·ðŸ‡º","Mikhail Kolyada",93.86,95.58,189.44,3.1,9.57,2022,"NATRUS","FS"
"299",3,3,"ðŸ‡·ðŸ‡º","Mikhail Kolyada",93.55,95,188.55,3.23,9.51,2021,"GPRUS","FS"
"300",4,4,"ðŸ‡·ðŸ‡º","Mikhail Kolyada",95.02,91.16,185.18,3.02,9.09,2021,"CHACUP","FS"
"301",5,5,"ðŸ‡·ðŸ‡º","Mikhail Kolyada",87.72,94,181.72,1.98,9.37,2021,"RUSCUP3","FS"
"302",6,6,"ðŸ‡·ðŸ‡º","Mikhail Kolyada",93.47,87.78,181.25,1.58,8.77,2022,"GPITA","FS"
"303",7,7,"ðŸ‡·ðŸ‡º","Mikhail Kolyada",90.42,90.3,180.72,2.44,9.01,2021,"WTT","FS"
"304",8,8,"ðŸ‡·ðŸ‡º","Mikhail Kolyada",92.52,88.64,180.16,1.68,8.82,2022,"GPRUS","FS"
"305",9,9,"ðŸ‡·ðŸ‡º","Mikhail Kolyada",88.82,90.7,178.52,1.64,9.06,2021,"WC","FS"
"306",10,10,"ðŸ‡·ðŸ‡º","Mikhail Kolyada",88.87,89.34,178.21,2.5,8.92,2019,"WC","FS"
"307",11,11,"ðŸ‡·ðŸ‡º","Mikhail Kolyada",87.05,91.5,177.55,2.57,9.11,2019,"NEPMEM","FS"
"308",12,12,"ðŸ‡·ðŸ‡º","Mikhail Kolyada",87.39,86.84,174.23,2.15,8.69,2022,"FINTRO","FS"
"309",13,13,"ðŸ‡·ðŸ‡º","Mikhail Kolyada",81.14,93.56,173.7,2.28,9.33,2019,"NATRUS","FS"
"310",14,14,"ðŸ‡·ðŸ‡º","Mikhail Kolyada",75.1,90.28,165.38,2.54,9.02,2019,"FINTRO","FS"
"311",15,15,"ðŸ‡·ðŸ‡º","Mikhail Kolyada",75.03,84,157.03,1.2,8.41,2019,"GPFIN","FS"
"312",16,16,"ðŸ‡·ðŸ‡º","Mikhail Kolyada",70.82,85.5,156.32,1.89,8.58,2019,"GPRUS","FS"
"313",17,17,"ðŸ‡·ðŸ‡º","Mikhail Kolyada",69.9,87.2,156.1,2.27,8.74,2019,"GLDSPN","FS"
"314",18,18,"ðŸ‡·ðŸ‡º","Mikhail Kolyada",58.08,86.3,140.38,0.42,8.64,2019,"EC","FS"
"315",19,19,"ðŸ‡·ðŸ‡º","Mikhail Kolyada",60.46,85.66,140.12,0.43,8.54,2019,"TALCUP","FS"
"316",20,20,"ðŸ‡·ðŸ‡º","Mikhail Kolyada",54.62,47.86,102.48,3.59,9.57,2021,"NATRUS","SP"
"317",21,21,"ðŸ‡·ðŸ‡º","Mikhail Kolyada",53.82,47.9,101.72,3.33,9.58,2021,"RUSCUP3","SP"
"318",22,22,"ðŸ‡·ðŸ‡º","Mikhail Kolyada",54.05,46.44,100.49,3.55,9.26,2019,"EC","SP"
"319",23,23,"ðŸ‡·ðŸ‡º","Mikhail Kolyada",52.09,44.95,97.04,3.63,8.94,2019,"GLDSPN","SP"
"320",24,24,"ðŸ‡·ðŸ‡º","Mikhail Kolyada",52.52,44.3,96.82,3.21,8.6,2019,"NEPMEM","SP"
"321",25,25,"ðŸ‡·ðŸ‡º","Mikhail Kolyada",48.44,46.26,94.7,2.37,9.23,2019,"NATRUS","SP"
"322",26,26,"ðŸ‡·ðŸ‡º","Mikhail Kolyada",47.08,47.18,94.26,3.54,9.43,2022,"NATRUS","SP"
"323",27,27,"ðŸ‡·ðŸ‡º","Mikhail Kolyada",48.96,44.67,93.63,3.27,8.91,2019,"TALCUP","SP"
"324",28,28,"ðŸ‡·ðŸ‡º","Mikhail Kolyada",49.38,44.14,93.52,2.54,8.72,2021,"WC","SP"
"325",29,29,"ðŸ‡·ðŸ‡º","Mikhail Kolyada",49.77,43.65,93.42,2.52,8.69,2021,"WTT","SP"
"326",30,30,"ðŸ‡·ðŸ‡º","Mikhail Kolyada",46.64,46.7,93.34,2.15,9.34,2021,"GPRUS","SP"
"327",31,31,"ðŸ‡·ðŸ‡º","Mikhail Kolyada",49.85,43.45,92.3,2.03,8.65,2022,"GPITA","SP"
"328",32,32,"ðŸ‡·ðŸ‡º","Mikhail Kolyada",43.45,42.75,85.2,1.85,8.51,2019,"FINTRO","SP"
"329",33,33,"ðŸ‡·ðŸ‡º","Mikhail Kolyada",42.23,42.76,84.99,3.2,8.54,2021,"CHACUP","SP"
"330",34,34,"ðŸ‡·ðŸ‡º","Mikhail Kolyada",41.2,44.28,84.48,1.24,8.87,2022,"GPRUS","SP"
"331",35,35,"ðŸ‡·ðŸ‡º","Mikhail Kolyada",41.15,43.08,84.23,2.33,8.59,2019,"WC","SP"
"332",36,36,"ðŸ‡·ðŸ‡º","Mikhail Kolyada",40.04,43.71,82.75,2.43,8.72,2022,"FINTRO","SP"
"333",37,37,"ðŸ‡·ðŸ‡º","Mikhail Kolyada",38.51,43.25,81.76,2.85,8.65,2019,"GPFIN","SP"
"334",38,38,"ðŸ‡·ðŸ‡º","Mikhail Kolyada",27.74,41.36,69.1,1.65,8.28,2019,"GPRUS","SP"
"335",1,1,"ðŸ‡¨ðŸ‡¦","Keegan Messing",91.09,88.34,179.43,2.92,8.83,2019,"4CC","FS"
"336",2,2,"ðŸ‡¨ðŸ‡¦","Keegan Messing",89.84,88.2,178.04,3.21,8.83,2019,"WTT","FS"
"337",3,3,"ðŸ‡¨ðŸ‡¦","Keegan Messing",87.15,89.6,176.75,1.93,8.98,2021,"WC","FS"
"338",4,4,"ðŸ‡¨ðŸ‡¦","Keegan Messing",87.72,86.3,174.02,1.88,8.63,2021,"GPUSA","FS"
"339",5,5,"ðŸ‡¨ðŸ‡¦","Keegan Messing",83.63,90.02,173.65,1.86,8.99,2022,"NATCAN","FS"
"340",6,6,"ðŸ‡¨ðŸ‡¦","Keegan Messing",84.13,88.24,172.37,2.43,8.8,2022,"OLY","FS"
"341",7,7,"ðŸ‡¨ðŸ‡¦","Keegan Messing",83.9,87.22,170.12,2.5,8.73,2019,"GPCAN","FS"
"342",8,8,"ðŸ‡¨ðŸ‡¦","Keegan Messing",82.75,85.28,168.03,1.6,8.52,2022,"GPFRA","FS"
"343",9,9,"ðŸ‡¨ðŸ‡¦","Keegan Messing",82.23,84.3,166.53,2.27,8.41,2019,"NEBTRO","FS"
"344",10,10,"ðŸ‡¨ðŸ‡¦","Keegan Messing",84.25,83.2,166.45,1.46,8.25,2020,"ATMCLA","FS"
"345",11,11,"ðŸ‡¨ðŸ‡¦","Keegan Messing",80.91,84.9,164.81,2.33,8.49,2022,"GLDSPN","FS"
"346",12,12,"ðŸ‡¨ðŸ‡¦","Keegan Messing",77.56,84,160.56,1.54,8.38,2020,"GPCHN","FS"
"347",13,13,"ðŸ‡¨ðŸ‡¦","Keegan Messing",76.82,84.44,160.26,1.4,8.45,2019,"NATCAN","FS"
"348",14,14,"ðŸ‡¨ðŸ‡¦","Keegan Messing",74.93,83.56,156.49,1.48,8.36,2019,"GPF","FS"
"349",15,15,"ðŸ‡¨ðŸ‡¦","Keegan Messing",71.74,84.52,155.26,2.07,8.48,2019,"WC","FS"
"350",16,16,"ðŸ‡¨ðŸ‡¦","Keegan Messing",67.43,84.76,150.19,1.6,8.46,2022,"FINTRO","FS"
"351",17,17,"ðŸ‡¨ðŸ‡¦","Keegan Messing",66.9,84,149.9,1.35,8.4,2020,"4CC","FS"
"352",18,18,"ðŸ‡¨ðŸ‡¦","Keegan Messing",65.82,85.36,149.18,1.11,8.52,2020,"NATCAN","FS"
"353",19,19,"ðŸ‡¨ðŸ‡¦","Keegan Messing",68.7,80.22,146.92,0.76,8,2019,"GPRUS","FS"
"354",20,20,"ðŸ‡¨ðŸ‡¦","Keegan Messing",65.28,81.78,145.06,0.44,8.18,2022,"GPCAN","FS"
"355",21,21,"ðŸ‡¨ðŸ‡¦","Keegan Messing",65.65,82.2,143.85,0.41,8.23,2022,"WC","FS"
"356",22,22,"ðŸ‡¨ðŸ‡¦","Keegan Messing",61.64,81.36,143,1.6,8.12,2020,"GPUSA","FS"
"357",23,23,"ðŸ‡¨ðŸ‡¦","Keegan Messing",51.66,44.68,96.34,3.13,8.92,2020,"GPUSA","SP"
"358",24,24,"ðŸ‡¨ðŸ‡¦","Keegan Messing",52.81,42.24,95.05,3.32,8.46,2019,"GPCAN","SP"
"359",25,25,"ðŸ‡¨ðŸ‡¦","Keegan Messing",50.82,43.21,94.03,2.76,8.59,2020,"4CC","SP"
"360",26,26,"ðŸ‡¨ðŸ‡¦","Keegan Messing",49.8,43.71,93.51,2.61,8.68,2021,"WC","SP"
"361",27,27,"ðŸ‡¨ðŸ‡¦","Keegan Messing",49.59,43.69,93.28,2.86,8.73,2022,"GPCAN","SP"
"362",28,28,"ðŸ‡¨ðŸ‡¦","Keegan Messing",49.3,43.94,93.24,2.9,8.78,2022,"OLY","SP"
"363",29,29,"ðŸ‡¨ðŸ‡¦","Keegan Messing",48.51,44.1,92.61,2.24,8.86,2020,"NATCAN","SP"
"364",30,30,"ðŸ‡¨ðŸ‡¦","Keegan Messing",48.8,43.6,92.4,2.66,8.73,2021,"GPUSA","SP"
"365",31,31,"ðŸ‡¨ðŸ‡¦","Keegan Messing",48.73,43.66,92.39,3.3,8.75,2022,"FINTRO","SP"
"366",32,32,"ðŸ‡¨ðŸ‡¦","Keegan Messing",47.07,44.11,91.18,2.88,8.84,2022,"WC","SP"
"367",33,33,"ðŸ‡¨ðŸ‡¦","Keegan Messing",49.03,41.6,90.63,2.6,8.3,2019,"NEBTRO","SP"
"368",34,34,"ðŸ‡¨ðŸ‡¦","Keegan Messing",48.16,42.1,90.26,2.73,8.5,2022,"GLDSPN","SP"
"369",35,35,"ðŸ‡¨ðŸ‡¦","Keegan Messing",46.22,43.35,89.57,2.35,8.68,2020,"ATMCLA","SP"
"370",36,36,"ðŸ‡¨ðŸ‡¦","Keegan Messing",45.75,42.43,88.18,2,8.46,2019,"4CC","SP"
"371",37,37,"ðŸ‡¨ðŸ‡¦","Keegan Messing",45.04,43.14,87.18,2.22,8.62,2019,"NATCAN","SP"
"372",38,38,"ðŸ‡¨ðŸ‡¦","Keegan Messing",42.11,42.92,85.03,1.54,8.59,2022,"GPFRA","SP"
"373",39,39,"ðŸ‡¨ðŸ‡¦","Keegan Messing",40.12,44.26,84.38,2.69,8.84,2022,"NATCAN","SP"
"374",40,40,"ðŸ‡¨ðŸ‡¦","Keegan Messing",40.95,42.43,82.38,2.08,8.48,2019,"WC","SP"
"375",41,41,"ðŸ‡¨ðŸ‡¦","Keegan Messing",38.11,41.64,79.75,1.41,8.33,2019,"WTT","SP"
"376",42,42,"ðŸ‡¨ðŸ‡¦","Keegan Messing",37.56,42,79.56,1.69,8.4,2019,"GPF","SP"
"377",43,43,"ðŸ‡¨ðŸ‡¦","Keegan Messing",36.34,41.46,76.8,1.42,8.27,2020,"GPCHN","SP"
"378",44,44,"ðŸ‡¨ðŸ‡¦","Keegan Messing",33.87,40.96,73.83,0.68,8.21,2019,"GPRUS","SP"
"379",1,1,"ðŸ‡«ðŸ‡·","Adam Siao Him Fa",90.15,86,175.15,2.1,8.6,2022,"WC","FS"
"380",2,2,"ðŸ‡«ðŸ‡·","Adam Siao Him Fa",80.81,84.84,165.65,1.67,8.4,2021,"NATFRA","FS"
"381",3,3,"ðŸ‡«ðŸ‡·","Adam Siao Him Fa",84.52,79.16,163.68,1.07,7.95,2020,"NATFRA","FS"
"382",4,4,"ðŸ‡«ðŸ‡·","Adam Siao Him Fa",81.69,82.72,163.41,0.97,8.27,2022,"OLY","FS"
"383",5,5,"ðŸ‡«ðŸ‡·","Adam Siao Him Fa",78.39,84.98,162.37,1.29,8.45,2022,"NATFRA","FS"
"384",6,6,"ðŸ‡«ðŸ‡·","Adam Siao Him Fa",83.94,78.68,161.62,1.29,7.85,2021,"CHACUP","FS"
"385",7,7,"ðŸ‡«ðŸ‡·","Adam Siao Him Fa",77.76,81.06,158.82,1.46,8.12,2022,"GPFRA","FS"
"386",8,8,"ðŸ‡«ðŸ‡·","Adam Siao Him Fa",79.55,77.3,156.85,1.16,7.69,2022,"LOMTRO","FS"
"387",9,9,"ðŸ‡«ðŸ‡·","Adam Siao Him Fa",83.8,70.88,154.68,1.28,7.08,2020,"EC","FS"
"388",10,10,"ðŸ‡«ðŸ‡·","Adam Siao Him Fa",77.19,79.36,154.55,0.35,7.94,2022,"NEBTRO","FS"
"389",11,11,"ðŸ‡«ðŸ‡·","Adam Siao Him Fa",78.04,74.6,152.64,0.87,7.47,2021,"WTT","FS"
"390",12,12,"ðŸ‡«ðŸ‡·","Adam Siao Him Fa",78.31,73.82,152.13,1.78,7.38,2019,"NATFRA","FS"
"391",13,13,"ðŸ‡«ðŸ‡·","Adam Siao Him Fa",74.4,75.52,149.92,0.91,7.55,2022,"GPUSA","FS"
"392",14,14,"ðŸ‡«ðŸ‡·","Adam Siao Him Fa",79.49,70.6,149.09,1.11,7.09,2020,"ICESTR","FS"
"393",15,15,"ðŸ‡«ðŸ‡·","Adam Siao Him Fa",76.82,69.1,144.92,0.35,6.82,2020,"GLDSPN","FS"
"394",16,16,"ðŸ‡«ðŸ‡·","Adam Siao Him Fa",73.19,69.98,142.17,0.54,6.91,2019,"WJC","FS"
"395",17,17,"ðŸ‡«ðŸ‡·","Adam Siao Him Fa",71.16,70.2,141.36,-0.06,7.03,2019,"EC","FS"
"396",18,18,"ðŸ‡«ðŸ‡·","Adam Siao Him Fa",76.82,64.74,140.56,0.99,6.48,2019,"JGPF","FS"
"397",19,19,"ðŸ‡«ðŸ‡·","Adam Siao Him Fa",70.98,69.22,140.2,1.24,6.92,2020,"JGPITA","FS"
"398",20,20,"ðŸ‡«ðŸ‡·","Adam Siao Him Fa",69.2,70.08,139.28,0.92,7.01,2020,"WJC","FS"
"399",21,21,"ðŸ‡«ðŸ‡·","Adam Siao Him Fa",72.05,64.28,135.33,0.43,6.44,2019,"JGPARM","FS"
"400",22,22,"ðŸ‡«ðŸ‡·","Adam Siao Him Fa",70.07,64.22,133.29,0.06,6.42,2019,"JGPCAN","FS"
"401",23,23,"ðŸ‡«ðŸ‡·","Adam Siao Him Fa",67.51,66.6,132.11,-0.43,6.6,2019,"WTT","FS"
"402",24,24,"ðŸ‡«ðŸ‡·","Adam Siao Him Fa",65.85,66.14,131.99,0.12,6.65,2020,"JGPCRO","FS"
"403",25,25,"ðŸ‡«ðŸ‡·","Adam Siao Him Fa",68.86,61.8,128.66,0.28,6.11,2019,"ALPTRO","FS"
"404",26,26,"ðŸ‡«ðŸ‡·","Adam Siao Him Fa",53.06,42.25,95.31,3.1,8.49,2022,"NATFRA","SP"
"405",27,27,"ðŸ‡«ðŸ‡·","Adam Siao Him Fa",48.84,42.13,90.97,2.26,8.42,2022,"WC","SP"
"406",28,28,"ðŸ‡«ðŸ‡·","Adam Siao Him Fa",48.81,40.42,89.23,1.78,8.07,2022,"NEBTRO","SP"
"407",29,29,"ðŸ‡«ðŸ‡·","Adam Siao Him Fa",49.04,38.58,87.62,1.69,7.73,2020,"NATFRA","SP"
"408",30,30,"ðŸ‡«ðŸ‡·","Adam Siao Him Fa",47.28,40.46,86.74,1.29,8.1,2022,"OLY","SP"
"409",31,31,"ðŸ‡«ðŸ‡·","Adam Siao Him Fa",45.37,40.1,84.47,0.87,8.02,2022,"GPFRA","SP"
"410",32,32,"ðŸ‡«ðŸ‡·","Adam Siao Him Fa",42.54,38,80.54,0.73,7.53,2022,"LOMTRO","SP"
"411",33,33,"ðŸ‡«ðŸ‡·","Adam Siao Him Fa",42.24,39.25,79.49,0.74,7.74,2021,"CHACUP","SP"
"412",34,34,"ðŸ‡«ðŸ‡·","Adam Siao Him Fa",41.17,39.33,78.5,0.5,7.82,2021,"NATFRA","SP"
"413",35,35,"ðŸ‡«ðŸ‡·","Adam Siao Him Fa",40.48,37.8,78.28,0.52,7.54,2021,"WTT","SP"
"414",36,36,"ðŸ‡«ðŸ‡·","Adam Siao Him Fa",42.87,34.87,77.74,2.05,7.05,2019,"WJC","SP"
"415",37,37,"ðŸ‡«ðŸ‡·","Adam Siao Him Fa",42.89,33.81,76.7,1.77,6.83,2019,"EC","SP"
"416",38,38,"ðŸ‡«ðŸ‡·","Adam Siao Him Fa",40,34.61,74.61,1.67,6.95,2020,"WJC","SP"
"417",39,39,"ðŸ‡«ðŸ‡·","Adam Siao Him Fa",38.23,36,74.23,1.21,7.16,2019,"NATFRA","SP"
"418",40,40,"ðŸ‡«ðŸ‡·","Adam Siao Him Fa",37.85,34.71,72.56,0.42,6.89,2019,"WTT","SP"
"419",41,41,"ðŸ‡«ðŸ‡·","Adam Siao Him Fa",38.33,32.17,70.5,1.18,6.44,2019,"JGPARM","SP"
"420",42,42,"ðŸ‡«ðŸ‡·","Adam Siao Him Fa",37.56,32.5,69.06,0.18,6.51,2020,"GLDSPN","SP"
"421",43,43,"ðŸ‡«ðŸ‡·","Adam Siao Him Fa",30.58,38.02,67.6,-0.11,7.61,2022,"GPUSA","SP"
"422",44,44,"ðŸ‡«ðŸ‡·","Adam Siao Him Fa",33.98,32.5,66.48,-0.33,6.48,2019,"JGPF","SP"
"423",45,44,"ðŸ‡«ðŸ‡·","Adam Siao Him Fa",33.88,32.6,66.48,1.29,6.56,2020,"ICESTR","SP"
"424",46,46,"ðŸ‡«ðŸ‡·","Adam Siao Him Fa",34.3,31.9,66.2,0.68,6.41,2020,"JGPITA","SP"
"425",47,47,"ðŸ‡«ðŸ‡·","Adam Siao Him Fa",35.75,30.1,65.85,0.78,6.04,2019,"JGPCAN","SP"
"426",48,48,"ðŸ‡«ðŸ‡·","Adam Siao Him Fa",30.51,34.7,65.21,0.54,6.95,2020,"EC","SP"
"427",49,49,"ðŸ‡«ðŸ‡·","Adam Siao Him Fa",28.71,31.46,60.17,0.38,6.34,2020,"JGPCRO","SP"
"428",50,50,"ðŸ‡«ðŸ‡·","Adam Siao Him Fa",30.99,28.25,59.24,0.34,5.65,2019,"ALPTRO","SP"
"429",1,1,"ðŸ‡·ðŸ‡º","Evgeni Semenenko",94.81,83.56,178.37,1.65,8.35,2022,"OLY","FS"
"430",2,2,"ðŸ‡·ðŸ‡º","Evgeni Semenenko",93.66,83.7,177.36,2.11,8.34,2021,"GPRUS","FS"
"431",3,3,"ðŸ‡·ðŸ‡º","Evgeni Semenenko",86.39,90.86,176.25,2.01,9.11,2022,"NATRUS","FS"
"432",4,4,"ðŸ‡·ðŸ‡º","Evgeni Semenenko",93.71,80,173.71,2.36,8.01,2020,"RUSCUPF","FS"
"433",5,5,"ðŸ‡·ðŸ‡º","Evgeni Semenenko",97,75.6,172.6,2.16,7.61,2022,"FINTRO","FS"
"434",6,6,"ðŸ‡·ðŸ‡º","Evgeni Semenenko",90.51,81.08,171.59,1.73,8.07,2021,"WC","FS"
"435",7,7,"ðŸ‡·ðŸ‡º","Evgeni Semenenko",85.38,85.8,170.18,1.75,8.57,2021,"RUSCUPF","FS"
"436",8,8,"ðŸ‡·ðŸ‡º","Evgeni Semenenko",84.08,85.3,168.38,1.52,8.51,2021,"RUSCUP4","FS"
"437",9,9,"ðŸ‡·ðŸ‡º","Evgeni Semenenko",90,78.3,168.3,1.22,7.82,2022,"GPCAN","FS"
"438",10,10,"ðŸ‡·ðŸ‡º","Evgeni Semenenko",89.73,76.6,166.33,1.76,7.66,2021,"WTT","FS"
"439",11,11,"ðŸ‡·ðŸ‡º","Evgeni Semenenko",85.72,81.94,165.66,0.77,8.16,2022,"GPRUS","FS"
"440",12,12,"ðŸ‡·ðŸ‡º","Evgeni Semenenko",80.12,84.1,163.22,1.31,8.41,2021,"RUSCUP2","FS"
"441",13,13,"ðŸ‡·ðŸ‡º","Evgeni Semenenko",75.52,85.44,160.96,1.31,8.52,2022,"EC","FS"
"442",14,14,"ðŸ‡·ðŸ‡º","Evgeni Semenenko",77.16,83.08,160.24,1.92,8.32,2021,"NATRUS","FS"
"443",15,15,"ðŸ‡·ðŸ‡º","Evgeni Semenenko",81.89,78,159.89,1.99,7.8,2020,"RUSCUP4","FS"
"444",16,16,"ðŸ‡·ðŸ‡º","Evgeni Semenenko",81.26,76.56,156.82,1.41,7.66,2020,"NATRUS","FS"
"445",17,17,"ðŸ‡·ðŸ‡º","Evgeni Semenenko",70.67,81.94,148.61,-0.13,8.16,2021,"NATRUS","FS"
"446",18,18,"ðŸ‡·ðŸ‡º","Evgeni Semenenko",77.86,69.68,147.54,1.98,6.91,2020,"TALCUP","FS"
"447",19,19,"ðŸ‡·ðŸ‡º","Evgeni Semenenko",71.57,71.2,142.77,1.79,7.12,2019,"RUSCUP5","FS"
"448",20,20,"ðŸ‡·ðŸ‡º","Evgeni Semenenko",63.74,74.1,136.84,0.32,7.43,2020,"RUSCUP2","FS"
"449",21,21,"ðŸ‡·ðŸ‡º","Evgeni Semenenko",56.33,42.71,99.04,2.79,8.52,2022,"EC","SP"
"450",22,22,"ðŸ‡·ðŸ‡º","Evgeni Semenenko",53.97,44.06,98.03,2.39,8.84,2022,"NATRUS","SP"
"451",23,23,"ðŸ‡·ðŸ‡º","Evgeni Semenenko",52.65,43.35,96,3.16,8.7,2021,"RUSCUP4","SP"
"452",24,24,"ðŸ‡·ðŸ‡º","Evgeni Semenenko",55.23,40.53,95.76,2.24,8.09,2022,"OLY","SP"
"453",25,25,"ðŸ‡·ðŸ‡º","Evgeni Semenenko",53.75,41.2,94.95,2.42,8.25,2021,"RUSCUPF","SP"
"454",26,26,"ðŸ‡·ðŸ‡º","Evgeni Semenenko",51.11,37.75,88.86,1.6,7.54,2021,"WTT","SP"
"455",27,27,"ðŸ‡·ðŸ‡º","Evgeni Semenenko",48.63,39.08,87.71,1.41,7.83,2022,"GPCAN","SP"
"456",28,28,"ðŸ‡·ðŸ‡º","Evgeni Semenenko",45.98,41.15,87.13,2.81,8.21,2021,"NATRUS","SP"
"457",29,29,"ðŸ‡·ðŸ‡º","Evgeni Semenenko",48.8,38.06,86.86,0.98,7.53,2021,"WC","SP"
"458",30,30,"ðŸ‡·ðŸ‡º","Evgeni Semenenko",45.03,40.8,85.83,1.49,8.14,2021,"RUSCUP2","SP"
"459",31,31,"ðŸ‡·ðŸ‡º","Evgeni Semenenko",42.97,40.45,83.42,1.34,8.04,2021,"GPRUS","SP"
"460",32,32,"ðŸ‡·ðŸ‡º","Evgeni Semenenko",41.53,40.47,81,0.13,8.08,2022,"GPRUS","SP"
"461",33,33,"ðŸ‡·ðŸ‡º","Evgeni Semenenko",42.47,38.4,80.87,2.53,7.64,2020,"RUSCUPF","SP"
"462",34,34,"ðŸ‡·ðŸ‡º","Evgeni Semenenko",42.5,37.86,80.36,2.39,7.56,2020,"NATRUS","SP"
"463",35,35,"ðŸ‡·ðŸ‡º","Evgeni Semenenko",47.22,32.76,79.98,1.94,6.52,2020,"TALCUP","SP"
"464",36,36,"ðŸ‡·ðŸ‡º","Evgeni Semenenko",39.47,41.39,79.86,1.63,8.29,2021,"NATRUS","SP"
"465",37,37,"ðŸ‡·ðŸ‡º","Evgeni Semenenko",42.19,37.25,79.44,2.27,7.44,2020,"RUSCUP4","SP"
"466",38,38,"ðŸ‡·ðŸ‡º","Evgeni Semenenko",41.83,36.35,78.18,1.98,7.19,2020,"RUSCUP2","SP"
"467",39,39,"ðŸ‡·ðŸ‡º","Evgeni Semenenko",42.66,34.6,77.26,2.11,6.84,2019,"RUSCUP5","SP"
"468",40,40,"ðŸ‡·ðŸ‡º","Evgeni Semenenko",33.66,36.97,69.63,0.2,7.47,2022,"FINTRO","SP"
"469",41,41,"ðŸ‡·ðŸ‡º","Evgeni Semenenko",30.24,34.65,63.89,-0.61,6.95,2019,"RUSCUPF","SP"
"470",1,1,"ðŸ‡ºðŸ‡¸","Jason Brown",95.61,96.28,191.89,3.88,9.64,2020,"NATUSA","FS"
"471",2,2,"ðŸ‡ºðŸ‡¸","Jason Brown",93.88,96.06,188.94,3.43,9.61,2022,"NATUSA","FS"
"472",3,3,"ðŸ‡ºðŸ‡¸","Jason Brown",87.66,96.34,184,3.56,9.61,2022,"OLY","FS"
"473",4,4,"ðŸ‡ºðŸ‡¸","Jason Brown",87.53,92.58,180.11,3.36,9.24,2020,"4CC","FS"
"474",5,5,"ðŸ‡ºðŸ‡¸","Jason Brown",80.9,96.1,176,3.07,9.59,2021,"NATUSA","FS"
"475",6,6,"ðŸ‡ºðŸ‡¸","Jason Brown",82.09,92.72,174.81,2.77,9.28,2022,"GPFRA","FS"
"476",7,7,"ðŸ‡ºðŸ‡¸","Jason Brown",80.36,92.2,172.56,3.42,9.22,2019,"NATUSA","FS"
"477",8,8,"ðŸ‡ºðŸ‡¸","Jason Brown",82.46,89.86,172.32,2.01,9.01,2019,"4CC","FS"
"478",9,9,"ðŸ‡ºðŸ‡¸","Jason Brown",80.94,90.7,171.64,2.83,9.08,2020,"GPUSA","FS"
"479",10,10,"ðŸ‡ºðŸ‡¸","Jason Brown",80.12,90.8,170.92,1.99,9.03,2021,"WC","FS"
"480",11,11,"ðŸ‡ºðŸ‡¸","Jason Brown",79.11,92.02,170.13,2.68,9.2,2022,"FINTRO","FS"
"481",12,12,"ðŸ‡ºðŸ‡¸","Jason Brown",78.52,89.4,167.92,3.04,8.94,2019,"GLDSPN","FS"
"482",13,13,"ðŸ‡ºðŸ‡¸","Jason Brown",76.75,89.8,165.55,1.9,8.99,2022,"GPCAN","FS"
"483",14,14,"ðŸ‡ºðŸ‡¸","Jason Brown",78.05,85.9,162.95,1.64,8.61,2020,"GLDSPN","FS"
"484",15,15,"ðŸ‡ºðŸ‡¸","Jason Brown",70.53,90.8,160.33,1.87,9.07,2021,"WTT","FS"
"485",16,16,"ðŸ‡ºðŸ‡¸","Jason Brown",70.28,89.64,159.92,2.85,8.97,2019,"GPFRA","FS"
"486",17,17,"ðŸ‡ºðŸ‡¸","Jason Brown",74.15,84.36,158.51,2.68,8.41,2019,"GPCAN","FS"
"487",18,18,"ðŸ‡ºðŸ‡¸","Jason Brown",72.16,87.38,157.54,1.66,8.73,2020,"GPJPN","FS"
"488",19,19,"ðŸ‡ºðŸ‡¸","Jason Brown",69.84,88.5,157.34,1.98,8.86,2019,"WC","FS"
"489",20,20,"ðŸ‡ºðŸ‡¸","Jason Brown",60.63,83.7,144.33,1.44,8.36,2019,"ATMCLA","FS"
"490",21,21,"ðŸ‡ºðŸ‡¸","Jason Brown",52.41,48.58,100.99,4.4,9.72,2020,"NATUSA","SP"
"491",22,22,"ðŸ‡ºðŸ‡¸","Jason Brown",52.12,48.8,100.92,4.33,9.74,2021,"NATUSA","SP"
"492",23,23,"ðŸ‡ºðŸ‡¸","Jason Brown",51.69,49.15,100.84,4.21,9.81,2022,"NATUSA","SP"
"493",24,24,"ðŸ‡ºðŸ‡¸","Jason Brown",52.76,47.76,100.52,4.41,9.54,2019,"NATUSA","SP"
"494",25,25,"ðŸ‡ºðŸ‡¸","Jason Brown",49.95,47.29,97.24,3.81,9.46,2022,"OLY","SP"
"495",26,26,"ðŸ‡ºðŸ‡¸","Jason Brown",50.66,46.15,96.81,3.89,9.19,2019,"WC","SP"
"496",27,27,"ðŸ‡ºðŸ‡¸","Jason Brown",50.69,45.72,96.41,3.9,9.14,2019,"GPFRA","SP"
"497",28,28,"ðŸ‡ºðŸ‡¸","Jason Brown",49.75,45.75,95.5,3.65,9.13,2019,"GLDSPN","SP"
"498",29,29,"ðŸ‡ºðŸ‡¸","Jason Brown",48.31,46.55,94.86,3.22,9.31,2021,"WTT","SP"
"499",30,30,"ðŸ‡ºðŸ‡¸","Jason Brown",48.81,45.9,94.71,3.71,9.14,2020,"4CC","SP"
"500",31,31,"ðŸ‡ºðŸ‡¸","Jason Brown",47.39,46.61,94,3.47,9.33,2022,"GPCAN","SP"
"501",32,32,"ðŸ‡ºðŸ‡¸","Jason Brown",46.93,45.46,92.39,3.19,9.12,2022,"FINTRO","SP"
"502",33,33,"ðŸ‡ºðŸ‡¸","Jason Brown",44.86,46.39,91.25,3.12,9.26,2021,"WC","SP"
"503",34,34,"ðŸ‡ºðŸ‡¸","Jason Brown",43.07,46.32,89.39,2.56,9.24,2022,"GPFRA","SP"
"504",35,35,"ðŸ‡ºðŸ‡¸","Jason Brown",44.8,44.1,88.9,3.1,8.86,2019,"ATMCLA","SP"
"505",36,36,"ðŸ‡ºðŸ‡¸","Jason Brown",41.79,44.78,86.57,2.39,8.96,2019,"4CC","SP"
"506",37,37,"ðŸ‡ºðŸ‡¸","Jason Brown",39.23,44.22,83.45,3.75,8.82,2020,"GPUSA","SP"
"507",38,38,"ðŸ‡ºðŸ‡¸","Jason Brown",37.79,42.65,79.44,2.02,8.59,2020,"GLDSPN","SP"
"508",39,39,"ðŸ‡ºðŸ‡¸","Jason Brown",34.5,42.96,76.46,1.92,8.57,2019,"GPCAN","SP"
"509",40,40,"ðŸ‡ºðŸ‡¸","Jason Brown",32.45,43.28,73.73,1.03,8.63,2020,"GPJPN","SP"
"510",1,1,"ðŸ‡®ðŸ‡¹","Daniel Grassl",103.35,84.08,187.43,1.96,8.42,2022,"OLY","FS"
"511",2,2,"ðŸ‡®ðŸ‡¹","Daniel Grassl",100.31,82.42,182.73,1.63,8.23,2022,"EC","FS"
"512",3,3,"ðŸ‡®ðŸ‡¹","Daniel Grassl",94.5,82.8,177.3,1.04,8.26,2022,"NATITA","FS"
"513",4,4,"ðŸ‡®ðŸ‡¹","Daniel Grassl",93.01,83.3,176.31,1.04,8.33,2021,"NATITA","FS"
"514",5,5,"ðŸ‡®ðŸ‡¹","Daniel Grassl",96.04,77.5,173.54,1.25,7.76,2022,"LOMTRO","FS"
"515",6,6,"ðŸ‡®ðŸ‡¹","Daniel Grassl",92.39,80.94,173.33,0.86,8.12,2022,"GPITA","FS"
"516",7,7,"ðŸ‡®ðŸ‡¹","Daniel Grassl",85.98,84.06,169.04,0.78,8.42,2022,"WC","FS"
"517",8,8,"ðŸ‡®ðŸ‡¹","Daniel Grassl",93.35,74.92,168.27,1.43,7.48,2020,"EC","FS"
"518",9,9,"ðŸ‡®ðŸ‡¹","Daniel Grassl",95.45,72.5,167.95,1.82,7.25,2019,"GLDBER","FS"
"519",10,10,"ðŸ‡®ðŸ‡¹","Daniel Grassl",91.46,73,164.46,1.76,7.29,2019,"NATITA","FS"
"520",11,11,"ðŸ‡®ðŸ‡¹","Daniel Grassl",86.57,77.3,163.87,0.87,7.73,2020,"NATITA","FS"
"521",12,12,"ðŸ‡®ðŸ‡¹","Daniel Grassl",88.02,75.36,163.38,0.27,7.53,2021,"WC","FS"
"522",13,13,"ðŸ‡®ðŸ‡¹","Daniel Grassl",86.66,74.9,161.56,0.6,7.48,2021,"WTT","FS"
"523",14,14,"ðŸ‡®ðŸ‡¹","Daniel Grassl",83.22,78,161.22,-0.03,7.76,2022,"WARCUP","FS"
"524",15,15,"ðŸ‡®ðŸ‡¹","Daniel Grassl",84.4,74.36,158.76,1.1,7.44,2020,"JGPITA","FS"
"525",16,16,"ðŸ‡®ðŸ‡¹","Daniel Grassl",84,74.4,158.4,1.53,7.37,2020,"ICESTR","FS"
"526",17,17,"ðŸ‡®ðŸ‡¹","Daniel Grassl",81.23,74.78,155.01,0.58,7.52,2019,"EC","FS"
"527",18,18,"ðŸ‡®ðŸ‡¹","Daniel Grassl",80.59,72.4,152.99,-0.07,7.23,2020,"ASNTRO","FS"
"528",19,19,"ðŸ‡®ðŸ‡¹","Daniel Grassl",78.97,73.8,150.77,-0.21,7.39,2021,"BUDTRO","FS"
"529",20,20,"ðŸ‡®ðŸ‡¹","Daniel Grassl",78.35,73.2,150.55,-0.52,7.26,2022,"GPUSA","FS"
"530",21,21,"ðŸ‡®ðŸ‡¹","Daniel Grassl",77.97,72.5,150.47,1.02,7.26,2020,"WJC","FS"
"531",22,22,"ðŸ‡®ðŸ‡¹","Daniel Grassl",77.96,71.72,148.68,0.18,7.16,2019,"WTT","FS"
"532",23,23,"ðŸ‡®ðŸ‡¹","Daniel Grassl",76.93,70.7,147.63,0.57,7.05,2020,"JGPPOL","FS"
"533",24,24,"ðŸ‡®ðŸ‡¹","Daniel Grassl",76.57,70.9,147.47,0.28,7.05,2019,"GLDSPN","FS"
"534",25,25,"ðŸ‡®ðŸ‡¹","Daniel Grassl",80.68,66.4,147.08,0.82,6.69,2019,"ALPTRO","FS"
"535",26,26,"ðŸ‡®ðŸ‡¹","Daniel Grassl",72.98,71.5,143.48,0.32,7.12,2019,"WJC","FS"
"536",27,27,"ðŸ‡®ðŸ‡¹","Daniel Grassl",70.48,66.16,135.64,-1.07,6.54,2019,"WARCUP","FS"
"537",28,28,"ðŸ‡®ðŸ‡¹","Daniel Grassl",64.88,63.52,127.4,-0.36,6.35,2019,"JGPSVK","FS"
"538",29,29,"ðŸ‡®ðŸ‡¹","Daniel Grassl",55.99,69.72,123.71,-0.74,6.96,2020,"JGPF","FS"
"539",30,30,"ðŸ‡®ðŸ‡¹","Daniel Grassl",60.93,61.28,121.21,-0.71,6.18,2019,"JGPAUT","FS"
"540",31,31,"ðŸ‡®ðŸ‡¹","Daniel Grassl",54.67,42.95,97.62,2.75,8.59,2022,"WC","SP"
"541",32,32,"ðŸ‡®ðŸ‡¹","Daniel Grassl",54.76,41.9,96.66,2.88,8.38,2022,"NATITA","SP"
"542",33,33,"ðŸ‡®ðŸ‡¹","Daniel Grassl",54.44,42.1,96.54,2.8,8.41,2021,"NATITA","SP"
"543",34,34,"ðŸ‡®ðŸ‡¹","Daniel Grassl",53.52,42.15,95.67,2.68,8.42,2022,"GPITA","SP"
"544",35,35,"ðŸ‡®ðŸ‡¹","Daniel Grassl",49.82,41.93,91.75,2.34,8.37,2022,"EC","SP"
"545",36,36,"ðŸ‡®ðŸ‡¹","Daniel Grassl",48.7,41.94,90.64,2.15,8.39,2022,"OLY","SP"
"546",37,37,"ðŸ‡®ðŸ‡¹","Daniel Grassl",47.18,40.92,88.1,1.81,8.26,2022,"OLYT","SP"
"547",38,38,"ðŸ‡®ðŸ‡¹","Daniel Grassl",49.27,36.15,85.42,1.86,7.25,2020,"ICESTR","SP"
"548",39,39,"ðŸ‡®ðŸ‡¹","Daniel Grassl",50.07,33.35,83.42,1.77,6.63,2019,"ALPTRO","SP"
"549",40,40,"ðŸ‡®ðŸ‡¹","Daniel Grassl",46.1,36.67,82.77,2.71,7.24,2020,"JGPITA","SP"
"550",41,41,"ðŸ‡®ðŸ‡¹","Daniel Grassl",47.33,35.09,82.42,1.61,6.95,2019,"GLDBER","SP"
"551",42,42,"ðŸ‡®ðŸ‡¹","Daniel Grassl",48.5,33.85,82.35,2.02,6.88,2019,"GLDSPN","SP"
"552",43,43,"ðŸ‡®ðŸ‡¹","Daniel Grassl",47.27,35,82.27,1.79,7.04,2019,"WARCUP","SP"
"553",44,43,"ðŸ‡®ðŸ‡¹","Daniel Grassl",44.77,37.5,82.27,1,7.5,2021,"BUDTRO","SP"
"554",45,45,"ðŸ‡®ðŸ‡¹","Daniel Grassl",42.84,39.9,81.74,1.13,7.82,2022,"WARCUP","SP"
"555",46,46,"ðŸ‡®ðŸ‡¹","Daniel Grassl",46,35.69,81.69,1.24,7.18,2019,"EC","SP"
"556",47,47,"ðŸ‡®ðŸ‡¹","Daniel Grassl",46.39,35.25,81.64,1.7,7.04,2019,"NATITA","SP"
"557",48,48,"ðŸ‡®ðŸ‡¹","Daniel Grassl",43.68,38.85,81.53,1.37,7.77,2020,"NATITA","SP"
"558",49,49,"ðŸ‡®ðŸ‡¹","Daniel Grassl",44.43,36.76,81.19,2.36,7.36,2019,"WJC","SP"
"559",50,50,"ðŸ‡®ðŸ‡¹","Daniel Grassl",44.94,36.07,81.01,2.75,7.19,2020,"JGPPOL","SP"
"560",1,1,"ðŸ‡¯ðŸ‡µ","Kazuki Tomono",90.54,85.34,175.88,1.99,8.53,2022,"NATJPN","FS"
"561",2,2,"ðŸ‡¯ðŸ‡µ","Kazuki Tomono",87.47,85.42,171.89,1.74,8.56,2022,"4CC","FS"
"562",3,3,"ðŸ‡¯ðŸ‡µ","Kazuki Tomono",89.55,82.08,171.63,2.48,8.18,2020,"NATJPN","FS"
"563",4,4,"ðŸ‡¯ðŸ‡µ","Kazuki Tomono",86.04,83.34,168.38,0.61,8.29,2022,"GPRUS","FS"
"564",5,5,"ðŸ‡¯ðŸ‡µ","Kazuki Tomono",81.97,87.28,168.25,0.63,8.7,2022,"WC","FS"
"565",6,6,"ðŸ‡¯ðŸ‡µ","Kazuki Tomono",80.63,82.2,162.83,1.63,8.21,2020,"4CC","FS"
"566",7,7,"ðŸ‡¯ðŸ‡µ","Kazuki Tomono",76.9,84.3,161.2,1.86,8.4,2022,"GPITA","FS"
"567",8,8,"ðŸ‡¯ðŸ‡µ","Kazuki Tomono",74.92,81.64,156.56,1.56,8.19,2020,"GPRUS","FS"
"568",9,9,"ðŸ‡¯ðŸ‡µ","Kazuki Tomono",77.89,78.58,156.47,0.45,7.86,2019,"GPRUS","FS"
"569",10,10,"ðŸ‡¯ðŸ‡µ","Kazuki Tomono",80.09,75.62,154.71,0.6,7.53,2020,"GPUSA","FS"
"570",11,11,"ðŸ‡¯ðŸ‡µ","Kazuki Tomono",78.23,77.14,154.37,0.69,7.71,2019,"NATJPN","FS"
"571",12,12,"ðŸ‡¯ðŸ‡µ","Kazuki Tomono",71.25,80.5,151.75,0.9,8.06,2019,"UNIVER","FS"
"572",13,13,"ðŸ‡¯ðŸ‡µ","Kazuki Tomono",74.26,77.98,150.24,0.07,7.71,2022,"COUPRI","FS"
"573",14,14,"ðŸ‡¯ðŸ‡µ","Kazuki Tomono",77.83,72.9,149.73,0.49,7.27,2019,"JPNWST","FS"
"574",15,15,"ðŸ‡¯ðŸ‡µ","Kazuki Tomono",69.16,79.28,147.44,1.08,7.94,2022,"JPNOPN","FS"
"575",16,16,"ðŸ‡¯ðŸ‡µ","Kazuki Tomono",65.55,77.8,143.35,1.26,7.79,2021,"GPJPN","FS"
"576",17,17,"ðŸ‡¯ðŸ‡µ","Kazuki Tomono",65.5,76.94,141.44,0,7.7,2021,"NATJPN","FS"
"577",18,18,"ðŸ‡¯ðŸ‡µ","Kazuki Tomono",70.29,71.1,141.39,0.79,7.14,2020,"LOMTRO","FS"
"578",19,19,"ðŸ‡¯ðŸ‡µ","Kazuki Tomono",70.07,72.2,141.27,0.84,7.23,2019,"LOMTRO","FS"
"579",20,20,"ðŸ‡¯ðŸ‡µ","Kazuki Tomono",65.98,74.22,139.2,-0.3,7.4,2019,"GPCAN","FS"
"580",21,21,"ðŸ‡¯ðŸ‡µ","Kazuki Tomono",57.69,75.56,132.25,0.43,7.59,2019,"4CC","FS"
"581",22,22,"ðŸ‡¯ðŸ‡µ","Kazuki Tomono",57.38,43.74,101.12,2.89,8.74,2022,"WC","SP"
"582",23,23,"ðŸ‡¯ðŸ‡µ","Kazuki Tomono",55.13,41.97,97.1,2.56,8.34,2022,"4CC","SP"
"583",24,24,"ðŸ‡¯ðŸ‡µ","Kazuki Tomono",54.81,41,95.81,2.19,8.23,2022,"GPRUS","SP"
"584",25,25,"ðŸ‡¯ðŸ‡µ","Kazuki Tomono",50.36,37.86,88.22,1.53,7.62,2020,"4CC","SP"
"585",26,26,"ðŸ‡¯ðŸ‡µ","Kazuki Tomono",46.76,41.03,87.79,1.58,8.16,2022,"NATJPN","SP"
"586",27,27,"ðŸ‡¯ðŸ‡µ","Kazuki Tomono",44.31,39.6,83.91,1.56,7.92,2022,"GPITA","SP"
"587",28,28,"ðŸ‡¯ðŸ‡µ","Kazuki Tomono",46.62,36.65,83.27,1.96,7.29,2019,"JPNWST","SP"
"588",29,28,"ðŸ‡¯ðŸ‡µ","Kazuki Tomono",45.52,37.75,83.27,1.25,7.54,2021,"GPJPN","SP"
"589",30,30,"ðŸ‡¯ðŸ‡µ","Kazuki Tomono",42.47,39.79,82.26,1.56,7.97,2019,"GPRUS","SP"
"590",31,31,"ðŸ‡¯ðŸ‡µ","Kazuki Tomono",43.78,38.94,81.72,0.84,7.77,2021,"NATJPN","SP"
"591",32,32,"ðŸ‡¯ðŸ‡µ","Kazuki Tomono",43.67,37.96,81.63,1.62,7.58,2019,"GPCAN","SP"
"592",33,33,"ðŸ‡¯ðŸ‡µ","Kazuki Tomono",41.56,39.6,81.16,1.67,7.9,2019,"UNIVER","SP"
"593",34,34,"ðŸ‡¯ðŸ‡µ","Kazuki Tomono",43.19,38.79,80.98,0.58,7.78,2020,"GPRUS","SP"
"594",35,35,"ðŸ‡¯ðŸ‡µ","Kazuki Tomono",38.67,39.09,77.76,2.21,7.78,2022,"COUPRI","SP"
"595",36,36,"ðŸ‡¯ðŸ‡µ","Kazuki Tomono",39.07,37.4,75.47,0.59,7.42,2019,"LOMTRO","SP"
"596",37,37,"ðŸ‡¯ðŸ‡µ","Kazuki Tomono",37.83,37.18,75.01,0.33,7.44,2020,"GPUSA","SP"
"597",38,38,"ðŸ‡¯ðŸ‡µ","Kazuki Tomono",35.7,39.46,74.16,0.65,7.86,2019,"4CC","SP"
"598",39,39,"ðŸ‡¯ðŸ‡µ","Kazuki Tomono",36.33,37.76,73.09,0.53,7.58,2019,"NATJPN","SP"
"599",40,40,"ðŸ‡¯ðŸ‡µ","Kazuki Tomono",34.44,38.62,73.06,1.02,7.73,2020,"NATJPN","SP"
"600",41,41,"ðŸ‡¯ðŸ‡µ","Kazuki Tomono",29.39,34.3,61.69,-1.98,6.85,2020,"LOMTRO","SP"
"601",1,1,"ðŸ‡«ðŸ‡·","KÃ©vin Aymoz",97.57,93.5,191.07,3.52,9.37,2022,"NATFRA","FS"
"602",2,2,"ðŸ‡«ðŸ‡·","KÃ©vin Aymoz",93.22,95.5,188.72,2.29,9.55,2020,"NATFRA","FS"
"603",3,3,"ðŸ‡«ðŸ‡·","KÃ©vin Aymoz",93.49,95,188.49,3.21,9.5,2021,"NATFRA","FS"
"604",4,4,"ðŸ‡«ðŸ‡·","KÃ©vin Aymoz",93.7,86.82,180.52,2.28,8.63,2021,"ICESTR","FS"
"605",5,5,"ðŸ‡«ðŸ‡·","KÃ©vin Aymoz",90.34,89.58,178.92,2.26,8.96,2020,"GPF","FS"
"606",6,6,"ðŸ‡«ðŸ‡·","KÃ©vin Aymoz",86.22,85.92,172.14,1.38,8.59,2020,"GPFRA","FS"
"607",7,7,"ðŸ‡«ðŸ‡·","KÃ©vin Aymoz",85.88,85.94,171.82,1.86,8.58,2022,"EC","FS"
"608",8,8,"ðŸ‡«ðŸ‡·","KÃ©vin Aymoz",80.73,88.4,169.13,1.95,8.85,2021,"WTT","FS"
"609",9,9,"ðŸ‡«ðŸ‡·","KÃ©vin Aymoz",77.91,89.8,167.71,0.59,8.97,2020,"ATMCLA","FS"
"610",10,10,"ðŸ‡«ðŸ‡·","KÃ©vin Aymoz",80.27,86.98,167.25,1.75,8.67,2019,"NATFRA","FS"
"611",11,11,"ðŸ‡«ðŸ‡·","KÃ©vin Aymoz",79.64,86.64,166.28,0.83,8.66,2021,"WC","FS"
"612",12,12,"ðŸ‡«ðŸ‡·","KÃ©vin Aymoz",79.88,84.22,164.1,2.43,8.46,2022,"GPFRA","FS"
"613",13,13,"ðŸ‡«ðŸ‡·","KÃ©vin Aymoz",81.63,82.3,162.93,1.67,8.22,2019,"ATMCLA","FS"
"614",14,14,"ðŸ‡«ðŸ‡·","KÃ©vin Aymoz",76.6,86.2,161.8,1.53,8.64,2022,"OLY","FS"
"615",15,15,"ðŸ‡«ðŸ‡·","KÃ©vin Aymoz",75.44,85.76,160.2,1.88,8.6,2022,"WC","FS"
"616",16,16,"ðŸ‡«ðŸ‡·","KÃ©vin Aymoz",77.45,82.78,159.23,1.42,8.28,2019,"WC","FS"
"617",17,17,"ðŸ‡«ðŸ‡·","KÃ©vin Aymoz",75.87,83.2,159.07,2.3,8.31,2022,"GLDSPN","FS"
"618",18,18,"ðŸ‡«ðŸ‡·","KÃ©vin Aymoz",70.19,88.36,158.55,1.02,8.82,2020,"GPJPN","FS"
"619",19,19,"ðŸ‡«ðŸ‡·","KÃ©vin Aymoz",74.4,84.92,158.32,0.59,8.48,2019,"EC","FS"
"620",20,20,"ðŸ‡«ðŸ‡·","KÃ©vin Aymoz",75.75,80.08,153.83,0.51,8.02,2019,"WTT","FS"
"621",21,21,"ðŸ‡«ðŸ‡·","KÃ©vin Aymoz",73.66,77.6,151.26,0.87,7.78,2019,"GPCAN","FS"
"622",22,22,"ðŸ‡«ðŸ‡·","KÃ©vin Aymoz",69.3,80.86,150.16,0.52,8.11,2019,"GPFRA","FS"
"623",23,23,"ðŸ‡«ðŸ‡·","KÃ©vin Aymoz",50.65,47.08,97.73,3.18,9.41,2020,"NATFRA","SP"
"624",24,24,"ðŸ‡«ðŸ‡·","KÃ©vin Aymoz",52.5,44.21,96.71,2.94,8.82,2020,"GPF","SP"
"625",25,25,"ðŸ‡«ðŸ‡·","KÃ©vin Aymoz",50.43,45.58,96.01,2.88,9.13,2021,"NATFRA","SP"
"626",26,26,"ðŸ‡«ðŸ‡·","KÃ©vin Aymoz",52.32,43.08,95.4,3.46,8.6,2019,"NATFRA","SP"
"627",27,27,"ðŸ‡«ðŸ‡·","KÃ©vin Aymoz",50.11,44.65,94.76,2.31,8.94,2020,"ATMCLA","SP"
"628",28,28,"ðŸ‡«ðŸ‡·","KÃ©vin Aymoz",50.14,44.55,94.69,2.56,8.89,2021,"WTT","SP"
"629",29,29,"ðŸ‡«ðŸ‡·","KÃ©vin Aymoz",49.93,43.07,93,2.81,8.64,2022,"OLY","SP"
"630",30,30,"ðŸ‡«ðŸ‡·","KÃ©vin Aymoz",47.72,43.75,91.47,2.11,8.75,2020,"GPJPN","SP"
"631",31,31,"ðŸ‡«ðŸ‡·","KÃ©vin Aymoz",48.09,40.15,88.24,1.86,8,2019,"WC","SP"
"632",32,31,"ðŸ‡«ðŸ‡·","KÃ©vin Aymoz",44.24,44,88.24,1.64,8.78,2021,"WC","SP"
"633",33,33,"ðŸ‡«ðŸ‡·","KÃ©vin Aymoz",46.98,41.04,88.02,2.02,8.19,2019,"EC","SP"
"634",34,34,"ðŸ‡«ðŸ‡·","KÃ©vin Aymoz",44.07,43.5,86.57,1.79,8.73,2022,"NATFRA","SP"
"635",35,35,"ðŸ‡«ðŸ‡·","KÃ©vin Aymoz",41.36,43.9,85.26,3.02,8.77,2022,"WC","SP"
"636",36,36,"ðŸ‡«ðŸ‡·","KÃ©vin Aymoz",44.26,40.96,85.22,2.04,8.19,2019,"WTT","SP"
"637",37,37,"ðŸ‡«ðŸ‡·","KÃ©vin Aymoz",42.46,41.04,82.5,1.7,8.25,2020,"GPFRA","SP"
"638",38,38,"ðŸ‡«ðŸ‡·","KÃ©vin Aymoz",43.14,37.86,81,0.94,7.56,2019,"GPFRA","SP"
"639",39,39,"ðŸ‡«ðŸ‡·","KÃ©vin Aymoz",39.13,42.26,80.39,0.97,8.49,2022,"EC","SP"
"640",40,40,"ðŸ‡«ðŸ‡·","KÃ©vin Aymoz",41.65,37.18,78.83,1.32,7.43,2019,"GPCAN","SP"
"641",41,41,"ðŸ‡«ðŸ‡·","KÃ©vin Aymoz",33.49,43.43,76.92,1.94,8.65,2021,"ICESTR","SP"
"642",42,42,"ðŸ‡«ðŸ‡·","KÃ©vin Aymoz",29.45,40.9,70.35,1.71,8.2,2022,"GLDSPN","SP"
"643",43,43,"ðŸ‡«ðŸ‡·","KÃ©vin Aymoz",25.19,41.21,64.4,0.59,8.2,2020,"EC","SP"
"644",44,44,"ðŸ‡«ðŸ‡·","KÃ©vin Aymoz",28.99,36.2,64.19,0.84,7.26,2019,"ATMCLA","SP"
"645",45,45,"ðŸ‡«ðŸ‡·","KÃ©vin Aymoz",26.26,38.72,63.98,0.77,7.73,2022,"GPFRA","SP"
"646",46,46,"ðŸ‡«ðŸ‡·","KÃ©vin Aymoz",23.39,38.75,58.14,-1.33,7.7,2022,"GPUSA","SP"
